,code,title
0,AL801,Software Design for Virtual Reality and Gaming
1,AL802,Software Design in Artificial Intelligence for Clo
2,AL803,Software Design for Mobile Apps and Connected Devi
3,AL805,Computer Engineering for Network Infrastructure
4,AL810,Quantity Surveying
5,AL811,Civil Engineering
6,AL820,Mechanical and Polymer Engineering
7,AL830,General Nursing
8,AL832,Mental Health Nursing
9,AL835,Pharmacology
10,AL836,Nutrition and Health Science
11,AL837,Sports Science with Exercise Physiology
12,AL838,Biotechnology
13,AL839,Microbiology
14,AL840,Pharmaceutical Sciences
15,AL841,Athletic and Rehabilitation Therapy
16,AL842,Bioveterinary Science
17,AL843,Physical Activity and Health Science
18,AL849,Culinary Entrepreneurship
19,AL850,Business
20,AL851,Business and Law
21,AL852,Accounting
22,AL854,Sport Management (with international placement)
23,AL855,Hospitality Management (with international placeme
24,AL857,Digital Marketing
25,AL859,International Business
26,AL860,Social Care Practice
27,AL861,Animation and Illustration (portfolio)
28,AL863,Graphic and Digital Design (portfolio)
29,AL864,Early Years Care and Education
30,AL870,Applied Psychology
31,CW018,Business (options)
32,CW028,Early Childhood Education and Care
33,CW038,Art (portfolio)
34,CW058,Tourism and Event Management
35,CW068,Applied Social Studies in Professional Social Care
36,CW078,Sustainable Farm Management and Agribusiness
37,CW088,Visual Communications and Design
38,CW108,Science (options)
39,CW128,Brewing and Distilling
40,CW138,Sport and Exercise Science
41,CW148,Strength and Conditioning
42,CW188,Sport Rehabilitation and Athletic Therapy
43,CW208,Computer Games Development
44,CW238,Software Development
45,CW248,Information Technology Management
46,CW258,Cybercrime and IT Security
47,CW268,Computing in Interactive Digital Art and Design
48,CW438,Construction (options)
49,CW468,Architectural Technology
50,CW478,Civil Engineering
51,CW548,Mechanical Engineering
52,CW558,Electronic Systems
53,CW568,Aerospace Engineering
54,CW578,TV and Media Production
55,CW708,Law - LLB
56,CW728,Product Design Innovation
57,CW748,Early Childhood Education and Care
58,CW758,Professional Social Care Practice
59,CW808,Media and Public Relations
60,CW848,Digital Marketing with Analytics
61,CW858,Sports Management and Coaching (options  portfolio
62,CW908,Business (options)
63,CW938,Business with Law
64,CW948,Accounting
65,PC405,Social  Political and Community Studies
66,PC410,Arts and Humanities (fulfils Teaching Council requ
67,PC411,English and History (fulfils Teaching Council requ
68,CR105,Chemical and Biopharmaceutical Engineering
69,CR106,Software Development
70,CR108,Mechanical Engineering
71,CR109,Structural Engineering
72,CR110,Automotive Business Management and Technology
73,CR112,Creative Digital Media at CIT Crawford College of
74,CR116,Computer Systems
75,CR121,Music at CIT Cork School of Music
76,CR125,Popular Music at CIT Cork School of Music
77,CR130,Musical Theatre at CIT Cork School of Music
78,CR150,Business Information Systems
79,CR210,Contemporary Applied Art (Ceramics  Glass  Textile
80,CR220,Fine Art at CIT Crawford College of Art and Design
81,CR225,Photography with New Media at CIT Crawford College
82,CR305,Physical Sciences (Common Entry)
83,CR310,IT Management
84,CR320,Biomedical Science - Offered jointly by CIT and UC
85,CR325,Pharmaceutical Biotechnology
86,CR333,Nutrition and Health Science
87,CR335,Biological Sciences (Common Entry)
88,CR340,Analytical Chemistry with Quality Assurance
89,CR360,Instrument Engineering
90,CR365,Environmental Science and Sustainable Technology
91,CR370,Agri-Biosciences
92,CR400,Accounting
93,CR420,Marketing
94,CR425,International Business with Language
95,CR430,Sport and Exercise Management
96,CR435,Coaching Science and Sports Pedagogy
97,CR440,Montessori Education
98,CR500,Engineering (Common Entry)
99,CR510,Sustainable Energy Engineering
100,CR520,Biomedical Engineering
101,CR560,Architectural Technology
102,CR565,Interior Architecture
103,CR570,Quantity Surveying
104,CR572,Construction Management
105,CR580,Electrical Engineering
106,CR590,Electronic Engineering
107,CR600,Visual Communications at CIT Crawford College of A
108,CR660,Tourism Management
109,CR700,Theatre and Drama Studies at CIT Cork School of Mu
110,CR930,Home Economics and Business
111,CK101,Arts - 3 years
112,CK102,Social Science
113,CK104,Arts with Music - 3 or 4 years (BMus or Chinese/Eu
114,CK105,Film and Screen Media - 3 years or 4 years (Intern
115,CK107,Geographical and Archaeological Sciences - 3 or 4
116,CK108,Arts International - 4 years
117,CK109,English - 3 years or 4 years (International Pathwa
118,CK110,World Languages
119,CK111,Early Years and Childhood Studies
120,CK112,Theatre and Performative Practices - 3 or 4 years
121,CK113,Criminology - 3 years or 4 years (International Pa
122,CK114,Social Science (Youth and Community Work)
123,CK115,Social Work - Mature Applicants only
124,CK118,Digital Humanities and IT - 3 or 4 years (Work Exp
125,CK120,Applied Psychology
126,CK121,Psychology and Computing - 3 or 4 years (Work Expe
127,CK122,Government and Political Science
128,CK123,Anthropology
129,CK124,Education - Gaeilge
130,CK125,Sports Studies and Physical Education
131,CK201,Commerce
132,CK202,Accounting
133,CK203,Business Information Systems
134,CK204,Finance
135,CK205,Commerce (International) with French
136,CK206,Commerce (International) with German
137,CK207,Commerce (International) with Italian
138,CK208,Commerce (International) with Hispanic Studies
139,CK209,Commerce (International) with Irish
140,CK211,Commerce (International) with Chinese Studies
141,CK212,Economics (through Transformational Learning) 3 or
142,CK213,Food Marketing and Entrepreneurship
143,CK214,International Development
144,CK301,Law (Pathways) -  3 or 4 years
145,CK302,Law and French
146,CK304,Law and Irish
147,CK307,Law and Business
148,CK401,Computer Science
149,CK402,Biological and Chemical Sciences
150,CK404,Biological  Earth and Environmental Sciences
151,CK405,Genetics
152,CK406,Chemical Sciences
153,CK407,Mathematical Sciences
154,CK408,Physics and Astrophysics
155,CK409,Industrial Physics - Offered jointly by UCC and CI
156,CK411,Data Science and Analytics
157,CK412,Agricultural Science
158,CK504,Nutritional Sciences
159,CK505,Food Science
160,CK600,Engineering
161,CK606,Architecture - Offered jointly by UCC and CIT
162,CK701,Medicine (Undergraduate Entry - HPAT required)
163,CK702,Dentistry
164,CK703,Pharmacy
165,CK704,Occupational Therapy
166,CK705,Speech and Language Therapy
167,CK706,Public Health Sciences
168,CK707,Medical and Health Sciences
169,CK710,General Nursing
170,CK712,Children`s and General Nursing (Integrated)
171,CK720,Mental Health Nursing
172,CK730,Intellectual Disability Nursing
173,CK740,Midwifery
174,CK791,Medicine  - Graduate Entry (GAMSAT required)
175,AC120,International Business
176,AC137,Liberal Arts
177,CT125,Computing and IT
178,CT325,Business
179,CM001,Education - Primary Teaching
180,CM002,Education - Primary Teaching - Gaeltacht Applicant
181,CM003,Oideachas – Bunmhúinteoireacht Trí Mheán na Gaeilg
182,CM004,Oideachas - Bunmhúinteoireacht Trí Mheán na Gaeilg
183,CM010,Education Studies
184,CM020,Early Childhood Education
185,DB500,Computing
186,DB501,Computing (Cloud Computing)
187,DB502,Computing (Data Analytics and Big Data)
188,DB503,Computing (Software Development)
189,DB504,Computing (Web and Mobile Technology)
190,DB510,Audio Production and Music Project Management
191,DB512,Business Studies
192,DB514,Business Studies (Law)
193,DB515,Business Studies (Human Resource Management)
194,DB517,Marketing (Event Management)
195,DB518,Marketing (Digital Media)
196,DB521,Accounting and Finance
197,DB524,Business (Information Systems)
198,DB525,Marketing (Digital Media and Cloud Computing)
199,DB526,Business (Cloud Computing)
200,DB527,Applied Social Care
201,DB531,Marketing
202,DB562,Psychology
203,DB566,Social Science
204,DB567,Film and Creative Media
205,DB568,Law
206,DB569,Business (Psychology)
207,DC001,Education - Early Childhood Education
208,DC002,Education - Primary Teaching
209,DC003,Education - Primary Teaching - Gaeltacht Applicant
210,DC004,Education - Primary Teaching (Church of Ireland Ce
211,DC009,Arts (Joint Honours) - Humanities
212,DC010,Post Primary Teacher Education - Religious Educati
213,DC011,Post Primary Teacher Education - Religious Educati
214,DC012,Post Primary Teacher Education - Religious Educati
215,DC013,Post Primary Teacher Ed - Gaeilge with French/Germ
216,DC014,BA in Jazz and Contemporary Music Performance (aud
217,DC110,Business Studies International
218,DC111,Business Studies
219,DC112,Global Business (France)
220,DC113,Global Business (Germany)
221,DC114,Global Business (Spain)
222,DC115,Accounting and Finance
223,DC116,Global Business (USA)
224,DC117,Aviation Management / Aviation Management with Pil
225,DC118,Gná agus Gaeilge / Business and Irish
226,DC119,Global Business (Canada)
227,DC120,Computing for Business
228,DC121,Computer Science
229,DC123,Data Science
230,DC126,Actuarial Mathematics
231,DC127,Common Entry into Actuarial and Financial Mathemat
232,DC131,Communication Studies
233,DC132,Journalism
234,DC133,Multimedia
235,DC155,Applied Language and Translation Studies
236,DC161,Analytical Science
237,DC162,Chemical and Pharmaceutical Sciences
238,DC163,Chemical Sciences General Entry (Undenominated Ent
239,DC166,Environmental Science and Technology
240,DC168,Genetics and Cell Biology
241,DC175,Physics General Entry (options)
242,DC180,Biological Sciences General Entry (Undenominated E
243,DC181,Biotechnology
244,DC190,Electronic and Computer Engineering (with choice o
245,DC193,Mechatronic Engineering
246,DC194,Sustainable Systems and Energy
247,DC195,Mechanical and Manufacturing Engineering
248,DC197,Biomedical Engineering
249,DC200,Common Entry into Engineering (Undenominated Entry
250,DC202,Sport Science and Health
251,DC203,Science Education
252,DC204,Athletic Therapy and Training
253,DC205,Physical Education with Biology
254,DC206,Physical Education with Mathematics
255,DC207,Psychology and Mathematics
256,DC208,Psychology
257,DC209,Health and Society
258,DC210,Psychology and Disruptive Technologies
259,DC215,General Nursing
260,DC216,Mental Health Nursing
261,DC217,Intellectual Disability Nursing
262,DC218,Children`s and General Nursing (Integrated)
263,DC230,Economics  Politics and Law
264,DC231,International Relations
265,DC232,Law and Society (BCL)
266,DC235,Education and Training - Daytime and Flexible Deli
267,DC238,Social Sciences and Cultural Innovation
268,DC240,Marketing  Innovation and Technology
269,DC241,Digital Business and Innovation
270,DC291,Arts (Joint Honours) - Media Studies
271,DC292,Arts (Joint Honours) - Law
272,DC293,Arts (Joint Honours) - International Languages
273,DC294,Climate and Environmental Sustainability
274,DC295,Arts (Joint Honours) - Politics
275,DL822,Arts Management
276,DL823,Business Management
277,DL825,Applied Psychology
278,DL826,Graphic Design
279,DL827,Art
280,DL832,Animation
281,DL833,Photography and Visual Media
282,DL836,Creative Computing
283,DL837,New Media Studies
284,DL838,Creative Music Production
285,DL839,Interaction and User Experience Design
286,DL840,Digital Marketing
287,DL841,English and Equality Studies
288,DL843,Film
289,DL844,Television
290,DL845,Design for Film (degree options)
291,GC200,Business
292,GC201,Accounting and Finance
293,GC230,Computing Science
294,GC300,Business
295,GC301,Accounting and Finance
296,GC302,Business - HRM
297,GC307,Business (Marketing)
298,GC400,Business
299,GC401,Accounting and Finance
300,GC402,Business (HRM)
301,GC403,Law
302,GC407,Business (Marketing)
303,GC430,Computing Science
304,GC450,Communications and Media Production
305,GC462,Design Communication (portfolio)
306,GC489,Interior Architecture (portfolio)
307,GC494,Fashion Design (portfolio)
308,BY001,Business
309,ID001,Accounting and Finance
310,ID002,Business Studies
311,AD101,First Year Art and Design (Common Entry portfolio)
312,AD102,Graphic Design and Moving Image Design (portfolio)
313,AD103,Textile and Surface Design and Jewellery and Objec
314,AD202,Education and Design or Fine Art (Second Level Tea
315,AD204,Fine Art (portfolio)
316,AD211,Fashion Design (portfolio)
317,AD212,Product Design (portfolio)
318,AD215,Visual Culture
319,AD217,Illustration (portfolio)
320,AD222,Interaction Design (portfolio)
321,NC003,Computing (Degree Award options)
322,NC005,Human Resource Management
323,NC009,Business
324,NC010,Psychology
325,NC020,Marketing Practice
326,NC022,Accounting and Finance
327,NC023,Technology Management (with specialisations)
328,NC030,Early Childhood Education and Care
329,RC001,Medicine - Undergraduate Entry (HPAT required)
330,RC004,Physiotherapy
331,RC005,Pharmacy
332,RC101,Medicine - Graduate Entry (GAMSAT required)
333,NM801,Montessori Education
334,NM802,Psychology
335,TU801,Sustainable Energy Engineering
336,TU802,Electrical Services and Energy Management
337,TU804,Engineering (Common Entry with Award options)
338,TU805,Engineering (General Entry)
339,TU807,Computer Engineering in Mobile Systems
340,TU810,Mechatronic Engineering
341,TU811,Product Design
342,TU812,Design Technology and Innovation
343,TU814,Sustainable Transport Management
344,TU828,Mechanical Engineering (General Entry)
345,TU829,Electronic Engineering (General Entry)
346,TU831,Architectural Technology
347,TU832,Architecture (Suitability Test and Interview)
348,TU833,Construction Management
349,TU834,Geographic Science
350,TU835,Planning and Environmental Management
351,TU836,Property Economics (Valuation Surveying)
352,TU837,Quantity Surveying and Construction Economics
353,TU838,Sustainable Timber Technology
354,TU851,Analytical Chemistry (Environmental  Forensic and
355,TU852,Chemical Sciences with Medicinal Chemistry
356,TU854,Science (General Entry)
357,TU855,Science with Nanotechnology
358,TU856,Computer Science
359,TU857,Computer Science (Infrastructure)
360,TU858,Computer Science (International)
361,TU859,Computing
362,TU860,Computing (Information Technology)
363,TU861,Computing with Language (French/German/Spanish)
364,TU862,Computing with Artificial Intelligence Machine Lea
365,TU863,Digital Forensics and Cyber Security
366,TU864,DNA and Forensic Analysis
367,TU865,Cloud Computing
368,TU866,Biomedical and Molecular Diagnostics
369,TU867,Biomedical Science
370,TU868,Clinical Measurement Science
371,TU869,Environmental Health
372,TU870,Human Nutrition and Dietetics
373,TU871,Optometry
374,TU872,Public Health Nutrition
375,TU874,Mathematical Sciences
376,TU875,Pharmaceutical Healthcare
377,TU876,Pharmaceutical Science
378,TU877,Physics Technology
379,TU878,Physics with Energy and Environment
380,TU879,Physics with Medical Physics and Bioengineering
381,TU880,Physics with Data Science
382,TU881,Food Innovation
383,TU882,Nutraceuticals in Health and Nutrition
384,TU902,Business (options)
385,TU903,Business and Management
386,TU904,Business and Law
387,TU905,Economics and Finance
388,TU906,Human Resource Management
389,TU907,Logistics and Supply Chain Management
390,TU910,Accounting
391,TU912,Business Analytics
392,TU914,Business Computing
393,TU917,Law (LLB ) with a Language
394,TU918,Law (LLB)
395,TU919,Advertising and Marketing Communications
396,TU920,Digital Marketing
397,TU921,Digital Marketing Technologies
398,TU922,Marketing
399,TU924,E-Commerce in Retailing
400,TU925,Retail and Services Management
401,TU932,Business (options)
402,TU933,Accounting and Finance (campus options)
403,TU935,Sports Management and Coaching
404,TU936,Sports Science and Health
405,TU941,Botanical Cuisine
406,TU942,Culinary Arts
407,TU943,Culinary Entrepreneurship
408,TU944,Culinary Science
409,TU951,International Hospitality and Tourism Management
410,TU952,International Hospitality Management
411,TU953,Tourism and Digital Marketing
412,TU954,Event Management
413,TU955,Sports and Leisure Management
414,TU961,Commercial Modern Music (BIMM - assessment/auditio
415,TU962,Drama (Performance  audition)
416,TU963,Music (audition)
417,TU965,International Business and Languages
418,TU967,Languages and International Tourism
419,TU973,Design - Visual Communication (portfolio)
420,TU974,Fine Art (portfolio)
421,TU975,Interior Design (portfolio)
422,TU976,Photography (portfolio)
423,TU978,Creative Industries and Visual Culture
424,TU981,Creative Digital Media
425,TU982,Media Production and Digital Arts
426,TU983,Film and Broadcasting
427,TU984,Game Design
428,TU985,Journalism
429,TU989,Early Childhood Care and Education (campus options
430,TU991,Applied Social Studies in Social Care
431,TU992,Community Development and Youth Work
432,TU995,Early Childhood Education
433,TU996,Social Care
434,TU997,Applied Social Care
435,TR002,Music
436,TR003,History
437,TR004,Law
438,TR005,Philosophy
439,TR006,Psychology
440,TR007,Clinical Speech and Language Studies
441,TR009,Music Education
442,TR015,Philosophy  Political Science  Economics and Socio
443,TR016,Deaf Studies
444,TR018,Law and French
445,TR019,Law and German
446,TR021,Classics  Ancient History and Archaeology
447,TR022,Early and Modern Irish
448,TR023,English Studies
449,TR024,European Studies
450,TR025,Drama and Theatre Studies
451,TR028,Ancient and Medieval History and Culture
452,TR031,Mathematics
453,TR032,Engineering
454,TR033,Computer Science
455,TR034,Management Science and Information Systems Studies
456,TR035,Theoretical Physics
457,TR038,Engineering with Management
458,TR039,Computer Science  Linguistics and a Language
459,TR040,Middle Eastern and European Languages and Cultures
460,TR041,Religion
461,TR042,Film
462,TR043,History of Art and Architecture
463,TR051,Medicine (HPAT required)
464,TR052,Dental Science
465,TR053,Physiotherapy
466,TR054,Occupational Therapy
467,TR055,Radiation Therapy
468,TR056,Human Health and Disease
469,TR060,Biological and Biomedical Sciences
470,TR061,Chemical Sciences
471,TR062,Geography and Geoscience
472,TR063,Physical Sciences
473,TR064,Environmental Science and Engineering
474,TR072,Pharmacy
475,TR080,Global Business
476,TR081,Business  Economic and Social Studies (BESS)
477,TR084,Social Studies (Social Work)
478,TR085,Business Studies and French
479,TR086,Business Studies and German
480,TR087,Business Studies and Russian
481,TR089,Business Studies and Polish
482,TR090,Business Studies and Spanish
483,TR091,General Nursing (Meath and St James`s)
484,TR093,General Nursing (Adelaide School of Nursing)
485,TR095,Mental Health Nursing
486,TR097,Intellectual Disability Nursing
487,TR911,Children`s and General Nursing (Integrated)
488,TR913,Midwifery
489,DN100,Architecture
490,DN120,Landscape Architecture
491,DN130,City Planning and Environmental Policy
492,DN150,Engineering (Common Entry)
493,DN200,Science (options)
494,DN201,Computer Science (Common Entry)
495,DN230,Actuarial and Financial Studies
496,DN240,Sustainability
497,DN250,Agricultural Science (options)
498,DN261,Food Science
499,DN262,Human Nutrition
500,DN300,Veterinary Medicine - Undergraduate Entry
501,DN301,Veterinary Medicine - Graduate Entry (GAMSAT requi
502,DN310,Veterinary Nursing
503,DN400,Medicine - Undergraduate Entry (HPAT required)
504,DN401,Medicine - Graduate Entry (GAMSAT required)
505,DN410,Radiography
506,DN411,Radiography - Graduate Entry
507,DN420,Physiotherapy
508,DN425,Health and Performance Science
509,DN430,Sport and Exercise Management
510,DN440,Biomedical  Health and Life Sciences
511,DN450,General Nursing
512,DN451,Children`s and General Nursing (Integrated)
513,DN452,Midwifery
514,DN453,Mental Health Nursing
515,DN520,Joint Honours (options)
516,DN530,Humanities (options)
517,DN541,Modern Languages (options)
518,DN600,Law (options)
519,DN610,Business and Law
520,DN650,Commerce
521,DN660,Commerce International (options)
522,DN670,Economics and Finance
523,DN700,Social Sciences (options)
524,DN710,Economics
525,DN720,Psychology
526,DN750,Social Policy and Sociology
527,DK810,Accounting and Finance
528,DK816,Business Studies
529,DK820,Computing in Games Development
530,DK821,Computing in Software Development
531,DK822,Augmented and Virtual Reality
532,DK830,Building Surveying
533,DK831,Architectural Technology
534,DK832,Construction Management
535,DK843,Engineering (Common Entry)
536,DK844,Mechanical Engineering
537,DK845,Electrical and Electronic Engineering
538,DK846,Civil Engineering
539,DK850,International Tourism Management
540,DK861,Arts
541,DK862,Social Care
542,DK863,Creative Media
543,DK864,Film and Television Production
544,DK865,Audio and Music Production
545,DK870,General Nursing
546,DK872,Intellectual Disability Nursing
547,DK874,Mental Health Nursing
548,DK876,Early Childhood Studies
549,DK877,Midwifery
550,DK880,Health and Physical Activity
551,DK882,Agriculture (Award options)
552,DK883,Science (Award options)
553,DK884,Sustainable Agriculture
554,DK885,Agri-Food Production
555,DK886,Biopharmaceutical Science
556,DK887,Environmental Science
557,GA181,Accounting
558,GA182,Business
559,GA183,Business Information Systems
560,GA184,Marketing and Sales
561,GA185,Finance and Economics
562,GA186,Business with Entrepreneurship
563,GA187,Rural Enterprise and Agri-Business
564,GA281,Film and Documentary
565,GA282,Heritage Studies
566,GA283,Contemporary Art (portfolio)
567,GA284,Design
568,GA285,Education (Art  Design and Graphics)
569,GA380,International Hotel Management
570,GA381,International Tourism Management
571,GA382,Culinary and Gastronomic Science
572,GA384,Event Management with Public Relations
573,GA480,Construction Management
574,GA482,Quantity Surveying and Construction Economics
575,GA483,Architectural Technology
576,GA484,Civil Engineering
577,GA580,Software and Electronic Engineering
578,GA680,Mechanical Engineering
579,GA681,Energy Engineering
580,GA682,Biomedical Engineering
581,GA683,Agricultural Engineering
582,GA684,Engineering Common Entry to Manu/Agri/Biomed/Energ
583,GA685,Manufacturing Engineering Design
584,GA780,Applied Freshwater and Marine Biology
585,GA781,Applied Biology and Biopharmaceutical Science
586,GA782,Chemical and Pharmaceutical Science
587,GA783,Physics and Instrumentation
588,GA784,Science (Undenominated)
589,GA785,Medical Science
590,GA786,Forensic Science and Analysis
591,GA787,Computing in Software Development
592,GA788,Computing and Digital Media
593,GA789,Agriculture and Environmental Management
594,GA790,Sport and Exercise Science
595,GA791,Public Health Nutrition
596,GA880,General Nursing
597,GA882,Psychiatric Nursing
598,GA885,Outdoor Education
599,GA887,History and Geography
600,GA889,Applied Social Care
601,GA890,Early Childhood Education and Care
602,GA891,Geography and Outdoor Education
603,GA892,Community Development and Youth Work (Level 8)
604,GA980,Education (Design Graphics and Construction)
605,GA981,Furniture Design and Manufacture
606,GA982,Furniture Making and Architectural Woodworking
607,GA983,Furniture and Digital Manufacturing
608,GA984,Furniture Design  Making and Technology - Common E
609,GY101,Arts (Joint-Honours)
610,GY104,BSc (Psychology)
611,GY105,Arts (History)
612,GY109,Arts (Mathematics and Education)
613,GY110,Arts (Children and Youth Studies - options)
614,GY111,Arts (English and Creative Writing)
615,GY113,Arts with Human Rights
616,GY115,Arts with Performing Arts Studies
617,GY118,Arts (Drama  Theatre and Performance Studies)
618,GY119,Arts (Journalism)
619,GY122,Na Dána (Cumarsáid agus Gaeilge)
620,GY123,Applied Social Sciences
621,GY125,Arts (Digital Arts and Technology)
622,GY127,Arts (Film and Digital Media)
623,GY128,Arts (Global Languages)
624,GY129,Arts (Global Experience)
625,GY130,Arts (Music)
626,GY132,Government (Politics  Economics and Law)
627,GY133,Education (Computer Science and Mathematical Studi
628,GY134,Geography and Geosystems
629,GY135,Arts (Global Media)
630,GY136,Na Dána (Léann Teanga - options)
631,GY201,Commerce
632,GY202,Commerce (International) with French
633,GY203,Commerce (International) with German
634,GY204,Commerce (International) with Spanish
635,GY206,Business Information Systems (Work Placement and O
636,GY207,Commerce (Accounting) including optional Global Ex
637,GY208,Commerce (Gaeilge)
638,GY209,Commerce (Global Experience)
639,GY250,Law and Business
640,GY251,Law (BCL)
641,GY252,Law (BCL) and Human Rights
642,GY253,Law and Taxation
643,GY254,Law (BCL)  Criminology and Criminal Justice
644,GY261,Business Studies in International Hotel Management
645,GY262,Commerce in International Hotel Management (interv
646,GY301,Science
647,GY303,Biomedical Science
648,GY304,Biotechnology
649,GY308,Environmental Science
650,GY309,Financial Mathematics and Economics
651,GY310,Marine Science
652,GY313,Environmental Health and Safety
653,GY314,Earth and Ocean Sciences
654,GY318,Biopharmaceutical Chemistry
655,GY319,Mathematical Science
656,GY320,Physics (Degree options: Applied Astrophysics Biom
657,GY321,Genetics and Genomics
658,GY322,Agricultural Sciences
659,GY350,Computer Science and Information Technology
660,GY401,Engineering (Undenominated)
661,GY402,Civil Engineering
662,GY405,Mechanical Engineering
663,GY406,Electronic and Computer Engineering
664,GY408,Biomedical Engineering
665,GY410,Project and Construction Management
666,GY413,Energy Systems Engineering
667,GY414,Electrical and Electronic Engineering
668,GY501,Medicine (five year/six year course  HPAT required
669,GY502,Occupational Therapy
670,GY503,Speech and Language Therapy
671,GY504,Podiatric Medicine
672,GY515,General Nursing (Galway and Portiuncula)
673,GY516,Mental Health Nursing
674,GY517,Midwifery
675,LY108,Business - Accounting
676,LY118,Business
677,LY128,Marketing with Online Technologies
678,LY208,Law
679,LY228,Sports and Exercise - Common Entry
680,LY408,Design - Common Entry
681,LY508,Fire Safety Engineering
682,LY518,Quantity Surveying
683,LY528,Construction Management
684,LY538,Architectural Technology
685,LY608,Mechanical Engineering
686,LY618,Electronic Engineering
687,LY708,Applied Computing
688,LY748,Computer Science
689,LY818,Science - Common Entry
690,LY828,Agriculture - Common Entry
691,LY908,General Nursing
692,LY918,Psychiatric Nursing
693,LY928,Intellectual Disability Nursing
694,LY968,Early Childhood Care  Health and Education
695,LY978,Health and Social Care - Common Entry
696,MI001,Contemporary and Applied Theatre Studies
697,MI002,Arts
698,MI004,Education - Primary Teaching - International
699,MI005,Education - Primary Teaching
700,MI006,Education - Primary Teaching - Gaeltacht Applicant
701,MI007,Early Childhood Care and Education
702,MI008,Education and Psychology - Primary Teaching
703,MI009,Education  Business Studies and Accounting
704,MI010,Education  Business Studies and Religious Studies
705,MI011,Education  Gaeilge and Religious Studies
706,MI012,Education  Gaeilge and Business Studies
707,MI013,Education  Mathematics and Gaeilge
708,MI014,Education  Mathematics and Business Studies
709,CI110,Counselling and Psychotherapy
710,CI111,Counselling and Psychotherapy with Addiction Studi
711,CI112,Counselling and Psychotherapy with Youth Studies
712,LC110,Art and Design (Common Entry  portfolio)
713,LC114,Fashion and Textiles for Product and Costume (port
714,LC115,Art and Design Teacher Education (LIT and UL  port
715,LC220,Digital Marketing
716,LC223,Law and Taxation
717,LC224,Accounting and Finance
718,LC225,Marketing and Management
719,LC226,Enterprise and Innovation
720,LC233,Software Development
721,LC234,Immersive Digital Media and Spatial Computing
722,LC236,Internet Systems Development
723,LC239,Computer Networks and Systems Management
724,LC241,Construction Management
725,LC242,Property Valuation and Management
726,LC243,Quantity Surveying
727,LC248,Built Environment (Common Entry)
728,LC252,Civil Engineering Management
729,LC263,Medical Technology
730,LC265,Forensic and Pharmaceutical Sciences
731,LC266,Drug and Medicinal Product Analysis
732,LC275,Electrical Engineering
733,LC288,Mechanical Engineering
734,LC289,Precision Engineering
735,LC292,Social Care Work
736,LC293,Business Studies with Travel and Tourism Managemen
737,LC294,Business Studies with Event Management
738,LC295,Business Studies with Sports Management
739,LC297,Community and Addiction Studies
740,LC320,Business
741,LC330,Business with Computing
742,LC340,Interior Design
743,LC362,Biotechnology and Biopharmaceutical Sciences
744,LC371,Creative Broadcast and Film Production
745,LC372,Music Technology and Production
746,LC374,Renewable and Electrical Energy Engineering
747,LC375,Industrial Automation and Robotic Systems
748,LC376,Electronic Engineering with Computer Systems
749,LC380,Automotive Engineering and Transport Management
750,LC392,Business Studies in Beauty and Spa Management
751,LC393,Early Childhood Education and Care
752,LC402,Social Care Work
753,LC408,Environmental Science and Climate
754,LC416,Business
755,LC418,Computing - Games Design and Development
756,LC422,Applied Strength and Conditioning
757,LC502,Game Art and Design (portfolio)
758,LC517,Creative Media and Design
759,LC518,Digital Animation Production (portfolio)
760,LC612,Social Care Work
761,LM002,Arts
762,LM019,Social Sciences
763,LM020,Law and Accounting
764,LM026,Performing Arts (audition format TBC)
765,LM028,Criminal Justice
766,LM029,Law Plus
767,LM038,Psychology and Sociology
768,LM039,Journalism and Digital Communication
769,LM040,European Studies
770,LM044,Applied Languages
771,LM050,Business Studies (options)
772,LM056,International Business
773,LM058,Financial Mathematics
774,LM063,Technology Management
775,LM066,Environmental Science
776,LM068,Food Science and Health
777,LM076,Product Design and Technology (portfolio required)
778,LM077,Aeronautical Engineering
779,LM082,Construction Management and Engineering
780,LM089,Sport and Exercise Sciences
781,LM090,Physical Education with concurrent Teacher Educati
782,LM091,Languages with concurrent Teacher Education
783,LM092,Science with Teacher Ed (Biology with Physics/Chem
784,LM093,Equine Science
785,LM094,Materials and Architectural Technology with concur
786,LM095,Materials and Engineering Technology with concurre
787,LM096,Science with Teacher Ed (Physical Sciences with Ch
788,LM097,Mathematics and Computer Science with concurrent T
789,LM099,Architecture
790,LM100,Physiotherapy
791,LM101,Medicine  - Graduate Entry (GAMSAT required)
792,LM102,Psychology
793,LM103,Paramedic Studies (Full B/Provisional C1 Drivers L
794,LM105,Exercise and Health Fitness Management
795,LM115,Chemical and Biochemical Engineering
796,LM116,Engineering (Biomedical/Civil/Design and Manufactu
797,LM118,Electronic and Computer Engineering
798,LM121,Computer Science (Computer Systems/Games Dev/Cyber
799,LM122,Creative Media and Interaction Design (Digital Des
800,LM123,Biological and Chemical Sc. (Biosci/Envir Sci/Ind
801,LM124,Mathematics (Math Science/Maths and Physics/Econom
802,LM125,Physics (Applied Physics or Mathematics and Physic
803,LM150,General Nursing
804,LM152,Mental Health Nursing
805,LM154,Intellectual Disability Nursing
806,LM156,Midwifery
807,MU001,Theology and Arts
808,MU002,Theology
809,MH001,Education - Primary Teaching (Froebel)
810,MH002,Education - Primary Teaching - Gaeltacht Applicant
811,MH003,Early Childhood - Teaching and Learning (full-time
812,MH101,Arts
813,MH103,Music
814,MH106,Psychology - 3 years
815,MH107,Social Science
816,MH109,Media Studies
817,MH116,Community and Youth Work (Full-Time)
818,MH201,Science
819,MH202,Biotechnology
820,MH203,Biological and Geographical Sciences
821,MH204,Physics with Astrophysics
822,MH206,Theoretical Physics and Mathematics
823,MH207,Data Science
824,MH208,Biological and Biomedical Sciences
825,MH209,Psychology (through Science) - 4 years
826,MH210,Pharmaceutical and Biomedical Chemistry
827,MH212,Science|Maths and Computer Science|Mathematics (wi
828,MH304,Engineering (Computer/Electronic/Communications)
829,MH305,Product Design
830,MH306,Robotics and Intelligent Devices
831,MH401,Finance (options)
832,MH402,Quantitative Finance
833,MH403,Accounting and Finance
834,MH404,Business (options)
835,MH407,Business and Accounting
836,MH411,Entrepreneurship
837,MH501,LLB Law - four year Single Major Law programme
838,MH502,Law (options)
839,MH601,Computer Science through Arts (options)
840,MH602,Computer Science through Science (options)
841,MH603,Computational Thinking
842,MH801,Early Childhood - Teaching and Learning (part-time
843,MH802,Community and Youth Work (part-time  in service)
844,MH803,Local Studies/Community Studies (part-time  evenin
845,AS001,Education  Home Economics and Biology - with concu
846,AS002,Education  Home Economics and Religious Ed - with
847,AS003,Education  Home Economics and Irish - with concurr
848,AS051,Nutrition  Food and Business Management
849,AS054,Home Economics
850,AS110,General Nursing
851,AS130,Intellectual Disability Nursing
852,SG141,Business
853,SG145,Business and ICT
854,SG146,Accounting
855,SG147,Sport with Business
856,SG148,Tourism with Event Management
857,SG150,Business in Marketing
858,SG241,Performing Arts
859,SG242,Early Childhood Care and Education
860,SG243,Social Care Practice
861,SG244,Fine Art
862,SG245,Creative Design
863,SG246,Computing
864,SG247,English and Psychology
865,SG248,Sociology and Politics
866,SG249,Writing and Literature
867,SG252,Software Development
868,SG253,Computing in Computer Networks and Cyber Security
869,SG254,Writing and Literature Online
870,SG255,Law and Business
871,SG341,General Engineering
872,SG342,Civil Engineering
873,SG343,Quantity Surveying
874,SG344,Mechanical Engineering
875,SG346,Construction Project Management and Applied Techno
876,SG347,Architecture
877,SG348,Interior Architecture and Design
878,SG349,Electronics and Self Driving Technologies
879,SG350,Robotics and Automation
880,SG442,Occupational Safety and Health
881,SG443,Human Nutrition
882,SG444,Science Undenominated
883,SG445,Pharmaceutical Science with Drug Development
884,SG447,Health Science and Physical Activity
885,SG448,Forensic Investigation and Analysis
886,SG449,Medical Biotechnology
887,SG450,Environmental Science with Ecology (Level 8)
888,TL801,Animation  Visual Effects and Motion Design (Level
889,TL802,TV  Radio and New Media (Level 8)
890,TL810,Computing with Software Development
891,TL811,Computing with Games Development
892,TL815,Computing (Degree Award options)
893,TL823,Event Management (3 year programme)
894,TL831,Business Studies (Major Specialism in: Acctng or M
895,TL842,Construction Management
896,TL844,Agricultural Engineering
897,TL845,Civil Engineering
898,TL847,Manufacturing Engineering
899,TL848,Agricultural Science
900,TL851,Wildlife Biology (Degree Award options)
901,TL855,Pharmaceutical Science (Degree Award options)
902,TL858,Veterinary Bioscience
903,TL871,Health and Leisure (Degree Award options)
904,TL872,Health and Leisure with Massage
905,TL873,Coaching and Sports Performance
906,TL874,Inclusive Sport and Physical Activity
907,TL880,Early Childhood Care and Education
908,TL881,Social Care
909,TL889,Counselling with Addiction - Mature applicants onl
910,TL890,General Nursing and Mature Applicants
911,TL891,Mental Health Nursing and Mature Applicants
912,WD001,Applied Computing (options)
913,WD002,Science (options)
914,WD005,Health Sciences (options)
915,WD006,Exercise Sciences (options)
916,WD007,Engineering (options)
917,WD025,Construction Management and Engineering
918,WD027,Music
919,WD048,Business (options)
920,WD084,Accounting
921,WD091,Hospitality Management
922,WD116,General Nursing
923,WD117,Psychiatric Nursing
924,WD120,Intellectual Disability Nursing
925,WD134,International Business
926,WD137,Design (Visual Communications)
927,WD140,Laws
928,WD144,Architecture
929,WD147,Pharmaceutical Science
930,WD150,Criminal Justice Studies
931,WD152,Visual Art
932,WD161,Computer Forensics and Security
933,WD162,Quantity Surveying
934,WD163,Psychology
935,WD186,Sports Coaching and Performance
936,WD187,Social Science
937,WD191,Agricultural Science
938,WD192,Social Care Practice
939,WD193,Marketing and Digital Media
940,WD194,Culinary Arts
941,WD195,Architectural and Building Information Modelling T
942,WD200,Arts (options)
943,WD210,Software Systems Development
944,WD211,Creative Computing
945,WD212,Recreation and Sport Management
946,WD230,Mechanical and Manufacturing Engineering
947,WD231,Early Childhood Care and Education
948,WD232,Business Information Systems
949,CR126,Popular Music: Drums at CIT Cork School of Music
950,CR127,Popular Music: Electric Guitar at CIT Cork School of Music
951,CR128,Popular Music: Keyboards at CIT Cork School of Music
952,CR129,Popular Music: Voice at CIT Cork School of Music
953,DB516,Financial Services
954,DC201,Common Entry into Science (Undenominated Entry)
955,DC239,Gaeilge Iriseoireacht agus na Meáin Dhigiteacha
956,DK860,Music (audition)
957,DL821,English Media and Cultural Studies
958,DL828,3D Design Modelmaking and Digital Art
959,DL829,Design for Stage and Screen (Costume Design)
960,DL830,Design for Stage and Screen (Character Makeup Design)
961,DL831,Design for Stage and Screen (Production Design)
962,DL834,Film and Television Production
963,DN252,Dairy Business
964,DN253,Agri - Environmental Sciences
965,DN271,Forestry
966,DN272,Horticulture Landscape and Sportsturf Management
967,GC250,Communications and Media Production
968,GC305,International Hospitality Management
969,GY107,Na Dána (Gaeilge agus Léann an Aistriúcháin)
970,GY112,Arts with Film Studies
971,GY120,Arts (Child Youth and Family: Policy and Practice)
972,GY121,Arts (Children`s Studies)
973,GY124,Arts (Arts with Data Science)
974,GY126,Arts (English and Media Studies)
975,GY131,Arts (History and Globalisation Studies)
976,LC401,Early Childhood Education and Care
977,LC414,Data Analytics and Cyber Security
978,LC434,Environmental Science and Agriculture
979,LC613,Early Childhood Education and Care
980,MH405,Equine Business
981,SG142,Business in International Marketing and Languages (French)
982,SG144,Business in International Marketing and Languages (Spanish)
983,SG250,Application Design and User Experience
984,SG251,Computing (Smart Technologies)
985,TR012,History and Political Science
986,TR017,Law and Business
987,TR020,Law and Political Science
988,TR029,Political Science and Geography
989,TR082,Computer Science and Business
990,TR083,Sociology and Social Policy
991,TR111,Ancient History and Archaeology/Geography
992,TR112,Ancient History and Archaeology/History
993,TR113,Ancient History and Archaeology/History of Art and Architecture
994,TR114,Ancient History and Archaeology/Modern Language
995,TR117,Ancient History and Archaeology/Religion
996,TR166,Classical Civilisation/English Literature
997,TR173,Classical Civilisation/History of Art and Architecture
998,TR177,Classical Civilisation/Modern Language
999,TR179,Classical Civilisation/Philosophy
1000,TR198,Economics/Geography
1001,TR202,Economics/History
1002,TR207,Economics/Mathematics
1003,TR208,Economics/Modern Language
1004,TR209,Economics/Philosophy
1005,TR212,Economics/Sociology
1006,TR228,Classical Languages/English Literature
1007,TR231,Classical Languages/History of Art and Architecture
1008,TR233,Classical Languages/Middle EasternJewish and Islamic Civilisations
1009,TR239,Classical Languages/Modern Language
1010,TR262,English Literature/History
1011,TR263,English Literature/History of Art and Architecture
1012,TR269,English Literature/Philosophy
1013,TR272,English Literature/Sociology
1014,TR276,English Literature/Drama Studies
1015,TR277,English Literature/Modern Language
1016,TR311,Film/Drama Studies
1017,TR312,Film/English Literature
1018,TR320,Film/Music
1019,TR322,Geography/History
1020,TR323,Drama Studies/Modern Language
1021,TR324,Film/Modern Language
1022,TR325,Film/History
1023,TR326,Geography/Modern Language
1024,TR332,Geography/Sociology
1025,TR443,History/History of Art and Architecture
1026,TR447,History/Modern Language
1027,TR449,History/Philosophy
1028,TR452,History/Sociology
1029,TR454,History/Religion
1030,TR455,History of Art and Architecture/Modern Language
1031,TR479,History of Art and Architecture/Philosophy
1032,TR547,Middle EasternJewish and Islamic Civ./Ancient History and Archaeology
1033,TR548,Middle EasternJewish and Islamic Civilisations/Classical Civilisation
1034,TR554,Middle EasternJewish and Islamic Civilisations/History
1035,TR563,Middle EasternJewish and Islamic Civilisations/Modern Language
1036,TR564,Middle EasternJewish and Islamic Civilisations/Music
1037,TR565,Middle EasternJewish and Islamic Civilisations/Religion
1038,TR597,Mathematics/Modern Language
1039,TR598,Mathematics/Music
1040,TR599,Mathematics/Philosophy
1041,TR629,Music/Philosophy
1042,TR635,Music/Drama Studies
1043,TR636,Music/Modern Language
1044,TR638,Music/Religion
1045,TR639,Philosophy/Modern Language
1046,TR662,Philosophy/Sociology
1047,TR663,Religion/Classical Civilisation
1048,TR664,Religion/English Literature
1049,TR665,Religion/History of Art and Architecture
1050,TR666,Religion/Modern Language
1051,TR667,French/Modern Language
1052,TR668,German/Modern Language
1053,TR669,Irish/Modern Language
1054,TR670,Italian/Modern Language
1055,TR671,Russian/Modern Language
1056,TR672,Spanish/Modern Language
1057,TR755,Sociology/Drama Studies
1058,TR756,Sociology/Modern Language
1059,TU803,Electronic Engineering
1060,TU806,Sustainable Energy Engineering
1061,TU808,Engineering Software
1062,TU809,Mechanical Engineering
1063,TU813,Automation Engineering
1064,TU873,Industrial Mathematics
1065,TU901,Business
1066,TU908,Management
1067,TU909,Accounting and Finance
1068,TU911,Accounting and Finance
1069,TU913,Business and Information Technology
1070,TU915,International Business
1071,TU916,International Business
1072,TU923,Marketing Management
1073,TU966,Languages and English Studies
1074,TU971,Contemporary Visual Culture
1075,TU972,Creative and Cultural Industries
1076,TU986,Print Media Technology and Management
1077,TU993,Early Childhood Care and Education
1078,TU994,Early Childhood Care and Education
1079,WD149,Early Childhood Studies
1080,AL853,Accounting and Law
1081,CW178,Sport Science (options)
1082,CK116,Sports Studies and Physical Education
1083,CK502,Food Marketing and Entrepreneurship
1084,CK506,International Development and Food Policy
1085,DC005,Education - Primary Teaching - Irish Sign Language
1086,DC167,Physics with Astronomy
1087,DC171,Applied Physics
1088,DC173,Physics with Biomedical Sciences
1089,DT001,Product Design
1090,DT028,Transport Operations and Technology
1091,DT035,Electrical Services and Energy Management
1092,DT066,Engineering (General Entry)
1093,DT101,Architecture (test and interview)
1094,DT106,Planning and Environmental Management
1095,DT110,Property Economics (Valuation Surveying)
1096,DT111,Quantity Surveying and Construction Economics
1097,DT112,Geographic Science
1098,DT117,Construction Management
1099,DT175,Architectural Technology
1100,DT201,Science (General Entry)
1101,DT203,Analytical Chemistry (Environmental Forensic and Pharmaceutical)
1102,DT204,Biomedical Science
1103,DT205,Mathematical Sciences
1104,DT206,Biomedical and Molecular Diagnostics
1105,DT211,Computer Science (Infrastructure)
1106,DT220,Industrial Mathematics
1107,DT221,Physics with Energy and Environment
1108,DT222,Physics Technology
1109,DT223,Human Nutrition and Dietetics
1110,DT224,Optometry
1111,DT225,Public Health Nutrition
1112,DT227,Science with Nanotechnology
1113,DT228,Computer Science
1114,DT229,Clinical Measurement Science
1115,DT235,Physics with Medical Physics and Bioengineering
1116,DT282,Computer Science (International)
1117,DT299,Chemical Sciences with Medicinal Chemistry
1118,DT302,Business Analytics
1119,DT304,E-Commerce in Retailing
1120,DT321,Business and Law
1121,DT341,Marketing
1122,DT343,Retail and Services Management
1123,DT354,Business Computing
1124,DT358,Logistics and Supply Chain Management
1125,DT365,Business and Management
1126,DT366,Accounting and Finance
1127,DT398,Human Resource Management
1128,DT399,Economics and Finance
1129,DT401,International Hospitality Management
1130,DT405,Culinary Science
1131,DT407,Culinary Arts
1132,DT412,Tourism Marketing
1133,DT413,Event Management
1134,DT416,Culinary Entrepreneurship
1135,DT420,Nutraceuticals in Health and Nutrition
1136,DT421,Food Innovation
1137,DT422,Pharmaceutical Healthcare
1138,DT491,Environmental Health
1139,DT501,Music
1140,DT504,Film and Broadcasting
1141,DT506,Commercial Modern Music
1142,DT508,Game Design
1143,DT517,Languages and English Studies
1144,DT518,Languages and International Tourism
1145,DT529,Drama (Performance)
1146,DT532,Law (LL.B.)
1147,DT533,Contemporary Visual Culture
1148,DT544,Interior Design
1149,DT545,Design - Visual Communication
1150,DT546,Fine Art
1151,DT555,International Business and Languages
1152,DT559,Photography
1153,DT571,Social Care
1154,DT572,Early Childhood Education
1155,DT582,Journalism
1156,DT596,Print Media Technology and Management
1157,DT597,Creative and Cultural Industries
1158,DL835,Creative Media Technologies
1159,GC405,International Hospitality Management (Dublin)
1160,ID003,Business Studies with Chinese
1161,BN101,Business
1162,BN103,Business and Information Technology
1163,BN104,Computing (Information Technology)
1164,BN107,Applied Social Studies in Social Care
1165,BN108,Engineering (Common Entry with Award options)
1166,BN109,Business (Common Entry with Award options)
1167,BN110,International Business
1168,BN111,Sports Management and Coaching
1169,BN112,Creative Digital Media
1170,BN113,Horticulture
1171,BN114,Accounting and Finance
1172,BN115,Community and Youth Development
1173,BN117,Computer Engineering in Mobile Systems
1174,BN118,Early Childhood Care and Education
1175,BN119,Digital Marketing
1176,BN120,Digital Forensics and Cyber Security
1177,BN121,Mechatronic Engineering
1178,BN123,DesignTechnology and Innovation
1179,TA022,Creative Digital Media
1180,TA023,Advertising and Marketing Communications
1181,TA024,Early Childhood Care and Education
1182,TA025,Social Care Practice
1183,TA026,International Hospitality and Tourism Management
1184,TA027,Botanical Cuisine
1185,TA028,Digital Marketing Technologies
1186,TA121,Accounting and Finance
1187,TA122,Management
1188,TA123,Marketing Management
1189,TA125,International Business
1190,TA221,Electronic Engineering
1191,TA222,Mechanical Engineering
1192,TA223,Sustainable Energy Engineering
1193,TA224,Biomedical Design
1194,TA225,Automation Engineering
1195,TA226,Engineering Software
1196,TA321,Pharmaceutical Science
1197,TA322,Computing
1198,TA323,Computing with IT Management
1199,TA326,DNA and Forensic Analysis
1200,TA327,Sports Science and Health
1201,TA328,Computing with Language (French/German/Spanish)
1202,TA329,Computing with Data Analytics
1203,NC025,Data Science
1204,GA385,Retail Management
1205,LY218,Business - with Spanish/Irish options
1206,CI101,Counselling and Psychotherapy (Limerick)
1207,LC411,Marketing and Management (Thurles)
1208,SG149,Business in Finance and Investment
1209,SG441,Environmental Science
1210,SG446,Applied Archaeology
1211,TL803,Music Technology
1212,TL812,Computing with Digital Media
1213,WD148,Tourism Marketing
