code,title,points_r1_2021,points_r1_2020,points_r1_2019,Change 21 vs 20,21vs20,21vs19,20vs19
AL801,Software Design for Virtual Reality and Gaming,300.0,303.0,304.0,Points decrease,-3.0,-4.0,-1.0
AL802,Software Design in Artificial Intelligence for Clo,313.0,332.0,301.0,Points decrease,-19.0,12.0,31.0
AL803,Software Design for Mobile Apps and Connected Devi,350.0,337.0,309.0,Points decrease,13.0,41.0,28.0
AL805,Computer Engineering for Network Infrastructure,321.0,333.0,329.0,Points decrease,-12.0,-8.0,4.0
AL810,Quantity Surveying,328.0,319.0,307.0,Points decrease,9.0,21.0,12.0
AL811,Civil Engineering,,320.0,,Points decrease,,,
AL820,Mechanical and Polymer Engineering,327.0,308.0,300.0,Points decrease,19.0,27.0,8.0
AL830,General Nursing,451.0,442.0,410.0,Points decrease,9.0,41.0,32.0
AL832,Mental Health Nursing,440.0,387.0,387.0,Points decrease,53.0,53.0,0.0
AL835,Pharmacology,356.0,,,Points decrease,,,
AL836,Nutrition and Health Science,346.0,334.0,352.0,Points decrease,12.0,-6.0,-18.0
AL837,Sports Science with Exercise Physiology,357.0,351.0,351.0,Points decrease,6.0,6.0,0.0
AL838,Biotechnology,324.0,307.0,302.0,Points decrease,17.0,22.0,5.0
AL839,Microbiology,325.0,325.0,322.0,Points decrease,0.0,3.0,3.0
AL840,Pharmaceutical Sciences,346.0,347.0,328.0,Points decrease,-1.0,18.0,19.0
AL841,Athletic and Rehabilitation Therapy,477.0,430.0,423.0,Points decrease,47.0,54.0,7.0
AL842,Bioveterinary Science,338.0,313.0,310.0,Points decrease,25.0,28.0,3.0
AL843,Physical Activity and Health Science,306.0,306.0,310.0,Points decrease,0.0,-4.0,-4.0
AL849,Culinary Entrepreneurship,297.0,,,Points decrease,,,
AL850,Business,309.0,309.0,307.0,Points decrease,0.0,2.0,2.0
AL851,Business and Law,302.0,295.0,301.0,Points decrease,7.0,1.0,-6.0
AL852,Accounting,336.0,309.0,290.0,Points decrease,27.0,46.0,19.0
AL854,Sport Management (with international placement),300.0,302.0,,Points decrease,-2.0,,
AL855,Hospitality Management (with international placeme,309.0,308.0,312.0,Points decrease,1.0,-3.0,-4.0
AL857,Digital Marketing,304.0,304.0,300.0,Points decrease,0.0,4.0,4.0
AL859,International Business,308.0,,,Points decrease,,,
AL860,Social Care Practice,301.0,300.0,309.0,Points decrease,1.0,-8.0,-9.0
AL861,Animation and Illustration (portfolio),575.0,578.0,615.0,Points decrease,-3.0,-40.0,-37.0
AL863,Graphic and Digital Design (portfolio),747.0,781.0,703.0,Points decrease,-34.0,44.0,78.0
AL864,Early Years Care and Education,306.0,307.0,307.0,Points decrease,-1.0,-1.0,0.0
AL870,Applied Psychology,484.0,418.0,409.0,Points decrease,66.0,75.0,9.0
CW018,Business (options),307.0,298.0,327.0,Points decrease,9.0,-20.0,-29.0
CW028,Early Childhood Education and Care,260.0,252.0,252.0,Points decrease,8.0,8.0,0.0
CW038,Art (portfolio),700.0,700.0,700.0,Points decrease,0.0,0.0,0.0
CW058,Tourism and Event Management,292.0,298.0,252.0,Points decrease,-6.0,40.0,46.0
CW068,Applied Social Studies in Professional Social Care,250.0,245.0,251.0,Points decrease,5.0,-1.0,-6.0
CW078,Sustainable Farm Management and Agribusiness,270.0,269.0,266.0,Points decrease,1.0,4.0,3.0
CW088,Visual Communications and Design,270.0,274.0,309.0,Points decrease,-4.0,-39.0,-35.0
CW108,Science (options),266.0,261.0,261.0,Points decrease,5.0,5.0,0.0
CW128,Brewing and Distilling,307.0,263.0,271.0,Points decrease,44.0,36.0,-8.0
CW138,Sport and Exercise Science,430.0,423.0,,Points decrease,7.0,,
CW148,Strength and Conditioning,388.0,379.0,,Points decrease,9.0,,
CW188,Sport Rehabilitation and Athletic Therapy,451.0,451.0,454.0,Points decrease,0.0,-3.0,-3.0
CW208,Computer Games Development,272.0,279.0,281.0,Points decrease,-7.0,-9.0,-2.0
CW238,Software Development,295.0,297.0,300.0,Points decrease,-2.0,-5.0,-3.0
CW248,Information Technology Management,293.0,285.0,307.0,Points decrease,8.0,-14.0,-22.0
CW258,Cybercrime and IT Security,292.0,293.0,300.0,Points decrease,-1.0,-8.0,-7.0
CW268,Computing in Interactive Digital Art and Design,291.0,287.0,274.0,Points decrease,4.0,17.0,13.0
CW438,Construction (options),260.0,272.0,271.0,Points decrease,-12.0,-11.0,1.0
CW468,Architectural Technology,291.0,262.0,252.0,Points decrease,29.0,39.0,10.0
CW478,Civil Engineering,465.0,433.0,348.0,Points decrease,32.0,117.0,85.0
CW548,Mechanical Engineering,330.0,321.0,310.0,Points decrease,9.0,20.0,11.0
CW558,Electronic Systems,280.0,280.0,279.0,Points decrease,0.0,1.0,1.0
CW568,Aerospace Engineering,371.0,380.0,366.0,Points decrease,-9.0,5.0,14.0
CW578,TV and Media Production,318.0,325.0,327.0,Points decrease,-7.0,-9.0,-2.0
CW708,Law - LLB,292.0,302.0,298.0,Points decrease,-10.0,-6.0,4.0
CW728,Product Design Innovation,246.0,252.0,286.0,Points decrease,-6.0,-40.0,-34.0
CW748,Early Childhood Education and Care,290.0,270.0,265.0,Points decrease,20.0,25.0,5.0
CW758,Professional Social Care Practice,360.0,336.0,290.0,Points decrease,24.0,70.0,46.0
CW808,Media and Public Relations,247.0,251.0,248.0,Points decrease,-4.0,-1.0,3.0
CW848,Digital Marketing with Analytics,269.0,254.0,279.0,Points decrease,15.0,-10.0,-25.0
CW858,Sports Management and Coaching (options  portfolio,700.0,700.0,700.0,Points decrease,0.0,0.0,0.0
CW908,Business (options),272.0,280.0,260.0,Points decrease,-8.0,12.0,20.0
CW938,Business with Law,270.0,283.0,270.0,Points decrease,-13.0,0.0,13.0
CW948,Accounting,319.0,300.0,301.0,Points decrease,19.0,18.0,-1.0
PC405,Social  Political and Community Studies,263.0,253.0,251.0,Points decrease,10.0,12.0,2.0
PC410,Arts and Humanities (fulfils Teaching Council requ,262.0,252.0,203.0,Points decrease,10.0,59.0,49.0
PC411,English and History (fulfils Teaching Council requ,243.0,255.0,168.0,Points decrease,-12.0,75.0,87.0
CR105,Chemical and Biopharmaceutical Engineering,443.0,443.0,432.0,Points decrease,0.0,11.0,11.0
CR106,Software Development,431.0,411.0,351.0,Points decrease,20.0,80.0,60.0
CR108,Mechanical Engineering,434.0,434.0,425.0,Points decrease,0.0,9.0,9.0
CR109,Structural Engineering,396.0,394.0,341.0,Points decrease,2.0,55.0,53.0
CR110,Automotive Business Management and Technology,336.0,311.0,318.0,Points decrease,25.0,18.0,-7.0
CR112,Creative Digital Media at CIT Crawford College of,390.0,361.0,335.0,Points decrease,29.0,55.0,26.0
CR116,Computer Systems,365.0,332.0,318.0,Points decrease,33.0,47.0,14.0
CR121,Music at CIT Cork School of Music,904.0,868.0,633.0,Points decrease,36.0,271.0,235.0
CR125,Popular Music at CIT Cork School of Music,1028.0,1088.0,972.0,Points decrease,-60.0,56.0,116.0
CR130,Musical Theatre at CIT Cork School of Music,525.0,548.0,500.0,Points decrease,-23.0,25.0,48.0
CR150,Business Information Systems,350.0,335.0,326.0,Points decrease,15.0,24.0,9.0
CR210,Contemporary Applied Art (Ceramics  Glass  Textile,450.0,,979.0,Points decrease,,-529.0,
CR220,Fine Art at CIT Crawford College of Art and Design,400.0,,620.0,Points decrease,,-220.0,
CR225,Photography with New Media at CIT Crawford College,435.0,,920.0,Points decrease,,-485.0,
CR305,Physical Sciences (Common Entry),260.0,282.0,279.0,Points decrease,-22.0,-19.0,3.0
CR310,IT Management,347.0,297.0,282.0,Points decrease,50.0,65.0,15.0
CR320,Biomedical Science - Offered jointly by CIT and UC,590.0,565.0,546.0,Points decrease,25.0,44.0,19.0
CR325,Pharmaceutical Biotechnology,466.0,398.0,388.0,Points decrease,68.0,78.0,10.0
CR333,Nutrition and Health Science,425.0,402.0,360.0,Points decrease,23.0,65.0,42.0
CR335,Biological Sciences (Common Entry),473.0,420.0,381.0,Points decrease,53.0,92.0,39.0
CR340,Analytical Chemistry with Quality Assurance,327.0,251.0,288.0,Points decrease,76.0,39.0,-37.0
CR360,Instrument Engineering,301.0,261.0,291.0,Points decrease,40.0,10.0,-30.0
CR365,Environmental Science and Sustainable Technology,262.0,253.0,334.0,Points decrease,9.0,-72.0,-81.0
CR370,Agri-Biosciences,368.0,397.0,408.0,Points decrease,-29.0,-40.0,-11.0
CR400,Accounting,315.0,316.0,316.0,Points decrease,-1.0,-1.0,0.0
CR420,Marketing,290.0,285.0,288.0,Points decrease,5.0,2.0,-3.0
CR425,International Business with Language,279.0,298.0,300.0,Points decrease,-19.0,-21.0,-2.0
CR430,Sport and Exercise Management,402.0,322.0,,Points decrease,80.0,,
CR435,Coaching Science and Sports Pedagogy,410.0,,,Points decrease,,,
CR440,Montessori Education,409.0,288.0,,Points decrease,121.0,,
CR500,Engineering (Common Entry),475.0,411.0,381.0,Points decrease,64.0,94.0,30.0
CR510,Sustainable Energy Engineering,320.0,320.0,319.0,Points decrease,0.0,1.0,1.0
CR520,Biomedical Engineering,444.0,444.0,434.0,Points decrease,0.0,10.0,10.0
CR560,Architectural Technology,375.0,308.0,288.0,Points decrease,67.0,87.0,20.0
CR565,Interior Architecture,431.0,359.0,336.0,Points decrease,72.0,95.0,23.0
CR570,Quantity Surveying,375.0,336.0,279.0,Points decrease,39.0,96.0,57.0
CR572,Construction Management,300.0,269.0,253.0,Points decrease,31.0,47.0,16.0
CR580,Electrical Engineering,342.0,318.0,344.0,Points decrease,24.0,-2.0,-26.0
CR590,Electronic Engineering,329.0,303.0,342.0,Points decrease,26.0,-13.0,-39.0
CR600,Visual Communications at CIT Crawford College of A,280.0,,587.0,Points decrease,,-307.0,
CR660,Tourism Management,246.0,252.0,249.0,Points decrease,-6.0,-3.0,3.0
CR700,Theatre and Drama Studies at CIT Cork School of Mu,609.0,740.0,768.0,Points decrease,-131.0,-159.0,-28.0
CR930,Home Economics and Business,518.0,,,Points decrease,,,
CK101,Arts - 3 years,300.0,300.0,300.0,Points decrease,0.0,0.0,0.0
CK102,Social Science,434.0,412.0,391.0,Points decrease,22.0,43.0,21.0
CK104,Arts with Music - 3 or 4 years (BMus or Chinese/Eu,339.0,302.0,340.0,Points decrease,37.0,-1.0,-38.0
CK105,Film and Screen Media - 3 years or 4 years (Intern,421.0,368.0,397.0,Points decrease,53.0,24.0,-29.0
CK107,Geographical and Archaeological Sciences - 3 or 4,312.0,328.0,326.0,Points decrease,-16.0,-14.0,2.0
CK108,Arts International - 4 years,440.0,401.0,429.0,Points decrease,39.0,11.0,-28.0
CK109,English - 3 years or 4 years (International Pathwa,367.0,318.0,347.0,Points decrease,49.0,20.0,-29.0
CK110,World Languages,488.0,452.0,456.0,Points decrease,36.0,32.0,-4.0
CK111,Early Years and Childhood Studies,409.0,419.0,398.0,Points decrease,-10.0,11.0,21.0
CK112,Theatre and Performative Practices - 3 or 4 years,371.0,330.0,324.0,Points decrease,41.0,47.0,6.0
CK113,Criminology - 3 years or 4 years (International Pa,464.0,423.0,408.0,Points decrease,41.0,56.0,15.0
CK114,Social Science (Youth and Community Work),,,,Points decrease,,,
CK115,Social Work - Mature Applicants only,,,,Points decrease,,,
CK118,Digital Humanities and IT - 3 or 4 years (Work Exp,347.0,336.0,307.0,Points decrease,11.0,40.0,29.0
CK120,Applied Psychology,544.0,533.0,506.0,Points decrease,11.0,38.0,27.0
CK121,Psychology and Computing - 3 or 4 years (Work Expe,499.0,466.0,393.0,Points decrease,33.0,106.0,73.0
CK122,Government and Political Science,399.0,337.0,355.0,Points decrease,62.0,44.0,-18.0
CK123,Anthropology,308.0,308.0,,Points decrease,0.0,,
CK124,Education - Gaeilge,473.0,463.0,,Points decrease,10.0,,
CK125,Sports Studies and Physical Education,564.0,510.0,,Points decrease,54.0,,
CK201,Commerce,500.0,477.0,465.0,Points decrease,23.0,35.0,12.0
CK202,Accounting,553.0,509.0,467.0,Points decrease,44.0,86.0,42.0
CK203,Business Information Systems,455.0,430.0,409.0,Points decrease,25.0,46.0,21.0
CK204,Finance,566.0,556.0,531.0,Points decrease,10.0,35.0,25.0
CK205,Commerce (International) with French,465.0,445.0,409.0,Points decrease,20.0,56.0,36.0
CK206,Commerce (International) with German,466.0,420.0,408.0,Points decrease,46.0,58.0,12.0
CK207,Commerce (International) with Italian,423.0,388.0,408.0,Points decrease,35.0,15.0,-20.0
CK208,Commerce (International) with Hispanic Studies,488.0,402.0,431.0,Points decrease,86.0,57.0,-29.0
CK209,Commerce (International) with Irish,507.0,484.0,509.0,Points decrease,23.0,-2.0,-25.0
CK211,Commerce (International) with Chinese Studies,385.0,397.0,398.0,Points decrease,-12.0,-13.0,-1.0
CK212,Economics (through Transformational Learning) 3 or,445.0,444.0,400.0,Points decrease,1.0,45.0,44.0
CK213,Food Marketing and Entrepreneurship,466.0,462.0,,Points decrease,4.0,,
CK214,International Development,332.0,346.0,,Points decrease,-14.0,,
CK301,Law (Pathways) -  3 or 4 years,533.0,507.0,476.0,Points decrease,26.0,57.0,31.0
CK302,Law and French,545.0,542.0,453.0,Points decrease,3.0,92.0,89.0
CK304,Law and Irish,588.0,540.0,462.0,Points decrease,48.0,126.0,78.0
CK307,Law and Business,589.0,556.0,522.0,Points decrease,33.0,67.0,34.0
CK401,Computer Science,503.0,468.0,402.0,Points decrease,35.0,101.0,66.0
CK402,Biological and Chemical Sciences,555.0,510.0,498.0,Points decrease,45.0,57.0,12.0
CK404,Biological  Earth and Environmental Sciences,500.0,467.0,412.0,Points decrease,33.0,88.0,55.0
CK405,Genetics,543.0,487.0,476.0,Points decrease,56.0,67.0,11.0
CK406,Chemical Sciences,532.0,485.0,457.0,Points decrease,47.0,75.0,28.0
CK407,Mathematical Sciences,566.0,566.0,531.0,Points decrease,0.0,35.0,35.0
CK408,Physics and Astrophysics,566.0,554.0,511.0,Points decrease,12.0,55.0,43.0
CK409,Industrial Physics - Offered jointly by UCC and CI,465.0,432.0,413.0,Points decrease,33.0,52.0,19.0
CK411,Data Science and Analytics,531.0,510.0,509.0,Points decrease,21.0,22.0,1.0
CK412,Agricultural Science,506.0,496.0,457.0,Points decrease,10.0,49.0,39.0
CK504,Nutritional Sciences,555.0,518.0,492.0,Points decrease,37.0,63.0,26.0
CK505,Food Science,463.0,441.0,444.0,Points decrease,22.0,19.0,-3.0
CK600,Engineering,510.0,487.0,465.0,Points decrease,23.0,45.0,22.0
CK606,Architecture - Offered jointly by UCC and CIT,543.0,484.0,465.0,Points decrease,59.0,78.0,19.0
CK701,Medicine (Undergraduate Entry - HPAT required),738.0,731.0,729.0,Points decrease,7.0,9.0,2.0
CK702,Dentistry,625.0,613.0,590.0,Points decrease,12.0,35.0,23.0
CK703,Pharmacy,613.0,590.0,577.0,Points decrease,23.0,36.0,13.0
CK704,Occupational Therapy,601.0,566.0,532.0,Points decrease,35.0,69.0,34.0
CK705,Speech and Language Therapy,568.0,520.0,509.0,Points decrease,48.0,59.0,11.0
CK706,Public Health Sciences,500.0,454.0,419.0,Points decrease,46.0,81.0,35.0
CK707,Medical and Health Sciences,578.0,542.0,510.0,Points decrease,36.0,68.0,32.0
CK710,General Nursing,498.0,454.0,440.0,Points decrease,44.0,58.0,14.0
CK712,Children`s and General Nursing (Integrated),565.0,533.0,499.0,Points decrease,32.0,66.0,34.0
CK720,Mental Health Nursing,455.0,423.0,398.0,Points decrease,32.0,57.0,25.0
CK730,Intellectual Disability Nursing,431.0,419.0,359.0,Points decrease,12.0,72.0,60.0
CK740,Midwifery,509.0,484.0,444.0,Points decrease,25.0,65.0,40.0
CK791,Medicine  - Graduate Entry (GAMSAT required),60.0,57.0,58.0,Points decrease,3.0,2.0,-1.0
AC120,International Business,294.0,209.0,234.0,Points decrease,85.0,60.0,-25.0
AC137,Liberal Arts,271.0,252.0,252.0,Points decrease,19.0,19.0,0.0
CT125,Computing and IT,242.0,220.0,235.0,Points decrease,22.0,7.0,-15.0
CT325,Business,253.0,338.0,,Points decrease,-85.0,,
CM001,Education - Primary Teaching,508.0,484.0,452.0,Points decrease,24.0,56.0,32.0
CM002,Education - Primary Teaching - Gaeltacht Applicant,462.0,,421.0,Points decrease,,41.0,
CM003,Oideachas – Bunmhúinteoireacht Trí Mheán na Gaeilg,513.0,528.0,491.0,Points decrease,-15.0,22.0,37.0
CM004,Oideachas - Bunmhúinteoireacht Trí Mheán na Gaeilg,480.0,494.0,492.0,Points decrease,-14.0,-12.0,2.0
CM010,Education Studies,382.0,319.0,317.0,Points decrease,63.0,65.0,2.0
CM020,Early Childhood Education,317.0,327.0,336.0,Points decrease,-10.0,-19.0,-9.0
DB500,Computing,234.0,218.0,242.0,Points decrease,16.0,-8.0,-24.0
DB501,Computing (Cloud Computing),,227.0,326.0,Points decrease,,,-99.0
DB502,Computing (Data Analytics and Big Data),267.0,341.0,269.0,Points decrease,-74.0,-2.0,72.0
DB503,Computing (Software Development),,225.0,242.0,Points decrease,,,-17.0
DB504,Computing (Web and Mobile Technology),,,227.0,Points decrease,,,
DB510,Audio Production and Music Project Management,217.0,234.0,233.0,Points decrease,-17.0,-16.0,1.0
DB512,Business Studies,243.0,218.0,229.0,Points decrease,25.0,14.0,-11.0
DB514,Business Studies (Law),239.0,252.0,269.0,Points decrease,-13.0,-30.0,-17.0
DB515,Business Studies (Human Resource Management),242.0,244.0,225.0,Points decrease,-2.0,17.0,19.0
DB517,Marketing (Event Management),233.0,238.0,226.0,Points decrease,-5.0,7.0,12.0
DB518,Marketing (Digital Media),307.0,,210.0,Points decrease,,97.0,
DB521,Accounting and Finance,243.0,225.0,225.0,Points decrease,18.0,18.0,0.0
DB524,Business (Information Systems),247.0,342.0,402.0,Points decrease,-95.0,-155.0,-60.0
DB525,Marketing (Digital Media and Cloud Computing),288.0,,284.0,Points decrease,,4.0,
DB526,Business (Cloud Computing),244.0,347.0,253.0,Points decrease,-103.0,-9.0,94.0
DB527,Applied Social Care,254.0,234.0,235.0,Points decrease,20.0,19.0,-1.0
DB531,Marketing,288.0,293.0,220.0,Points decrease,-5.0,68.0,73.0
DB562,Psychology,244.0,243.0,208.0,Points decrease,1.0,36.0,35.0
DB566,Social Science,262.0,220.0,216.0,Points decrease,42.0,46.0,4.0
DB567,Film and Creative Media,245.0,218.0,192.0,Points decrease,27.0,53.0,26.0
DB568,Law,254.0,219.0,245.0,Points decrease,35.0,9.0,-26.0
DB569,Business (Psychology),240.0,252.0,279.0,Points decrease,-12.0,-39.0,-27.0
DC001,Education - Early Childhood Education,445.0,440.0,398.0,Points decrease,5.0,47.0,42.0
DC002,Education - Primary Teaching,518.0,488.0,462.0,Points decrease,30.0,56.0,26.0
DC003,Education - Primary Teaching - Gaeltacht Applicant,489.0,445.0,433.0,Points decrease,44.0,56.0,12.0
DC004,Education - Primary Teaching (Church of Ireland Ce,451.0,411.0,357.0,Points decrease,40.0,94.0,54.0
DC009,Arts (Joint Honours) - Humanities,356.0,376.0,347.0,Points decrease,-20.0,9.0,29.0
DC010,Post Primary Teacher Education - Religious Educati,384.0,441.0,386.0,Points decrease,-57.0,-2.0,55.0
DC011,Post Primary Teacher Education - Religious Educati,409.0,412.0,352.0,Points decrease,-3.0,57.0,60.0
DC012,Post Primary Teacher Education - Religious Educati,409.0,378.0,367.0,Points decrease,31.0,42.0,11.0
DC013,Post Primary Teacher Ed - Gaeilge with French/Germ,413.0,419.0,410.0,Points decrease,-6.0,3.0,9.0
DC014,BA in Jazz and Contemporary Music Performance (aud,311.0,419.0,428.0,Points decrease,-108.0,-117.0,-9.0
DC110,Business Studies International,498.0,465.0,440.0,Points decrease,33.0,58.0,25.0
DC111,Business Studies,511.0,488.0,463.0,Points decrease,23.0,48.0,25.0
DC112,Global Business (France),542.0,517.0,495.0,Points decrease,25.0,47.0,22.0
DC113,Global Business (Germany),484.0,462.0,440.0,Points decrease,22.0,44.0,22.0
DC114,Global Business (Spain),544.0,522.0,501.0,Points decrease,22.0,43.0,21.0
DC115,Accounting and Finance,544.0,510.0,487.0,Points decrease,34.0,57.0,23.0
DC116,Global Business (USA),613.0,579.0,578.0,Points decrease,34.0,35.0,1.0
DC117,Aviation Management / Aviation Management with Pil,484.0,476.0,463.0,Points decrease,8.0,21.0,13.0
DC118,Gná agus Gaeilge / Business and Irish,368.0,359.0,357.0,Points decrease,9.0,11.0,2.0
DC119,Global Business (Canada),601.0,564.0,566.0,Points decrease,37.0,35.0,-2.0
DC120,Computing for Business,403.0,357.0,350.0,Points decrease,46.0,53.0,7.0
DC121,Computer Science,475.0,400.0,370.0,Points decrease,75.0,105.0,30.0
DC123,Data Science,501.0,465.0,467.0,Points decrease,36.0,34.0,-2.0
DC126,Actuarial Mathematics,577.0,560.0,520.0,Points decrease,17.0,57.0,40.0
DC127,Common Entry into Actuarial and Financial Mathemat,541.0,532.0,509.0,Points decrease,9.0,32.0,23.0
DC131,Communication Studies,421.0,407.0,400.0,Points decrease,14.0,21.0,7.0
DC132,Journalism,452.0,429.0,401.0,Points decrease,23.0,51.0,28.0
DC133,Multimedia,435.0,411.0,403.0,Points decrease,24.0,32.0,8.0
DC155,Applied Language and Translation Studies,427.0,387.0,371.0,Points decrease,40.0,56.0,16.0
DC161,Analytical Science,498.0,498.0,446.0,Points decrease,0.0,52.0,52.0
DC162,Chemical and Pharmaceutical Sciences,531.0,521.0,488.0,Points decrease,10.0,43.0,33.0
DC163,Chemical Sciences General Entry (Undenominated Ent,466.0,,,Points decrease,,,
DC166,Environmental Science and Technology,423.0,433.0,412.0,Points decrease,-10.0,11.0,21.0
DC168,Genetics and Cell Biology,543.0,512.0,489.0,Points decrease,31.0,54.0,23.0
DC175,Physics General Entry (options),400.0,419.0,,Points decrease,-19.0,,
DC180,Biological Sciences General Entry (Undenominated E,530.0,,,Points decrease,,,
DC181,Biotechnology,530.0,499.0,476.0,Points decrease,31.0,54.0,23.0
DC190,Electronic and Computer Engineering (with choice o,488.0,413.0,391.0,Points decrease,75.0,97.0,22.0
DC193,Mechatronic Engineering,490.0,411.0,404.0,Points decrease,79.0,86.0,7.0
DC194,Sustainable Systems and Energy,476.0,,,Points decrease,,,
DC195,Mechanical and Manufacturing Engineering,500.0,425.0,401.0,Points decrease,75.0,99.0,24.0
DC197,Biomedical Engineering,510.0,423.0,402.0,Points decrease,87.0,108.0,21.0
DC200,Common Entry into Engineering (Undenominated Entry,511.0,422.0,381.0,Points decrease,89.0,130.0,41.0
DC202,Sport Science and Health,511.0,500.0,467.0,Points decrease,11.0,44.0,33.0
DC203,Science Education,462.0,435.0,424.0,Points decrease,27.0,38.0,11.0
DC204,Athletic Therapy and Training,558.0,522.0,484.0,Points decrease,36.0,74.0,38.0
DC205,Physical Education with Biology,565.0,531.0,490.0,Points decrease,34.0,75.0,41.0
DC206,Physical Education with Mathematics,521.0,499.0,443.0,Points decrease,22.0,78.0,56.0
DC207,Psychology and Mathematics,521.0,,,Points decrease,,,
DC208,Psychology,565.0,532.0,509.0,Points decrease,33.0,56.0,23.0
DC209,Health and Society,477.0,465.0,419.0,Points decrease,12.0,58.0,46.0
DC210,Psychology and Disruptive Technologies,506.0,,,Points decrease,,,
DC215,General Nursing,456.0,454.0,414.0,Points decrease,2.0,42.0,40.0
DC216,Mental Health Nursing,420.0,418.0,368.0,Points decrease,2.0,52.0,50.0
DC217,Intellectual Disability Nursing,382.0,370.0,347.0,Points decrease,12.0,35.0,23.0
DC218,Children`s and General Nursing (Integrated),521.0,500.0,467.0,Points decrease,21.0,54.0,33.0
DC230,Economics  Politics and Law,431.0,435.0,400.0,Points decrease,-4.0,31.0,35.0
DC231,International Relations,398.0,397.0,387.0,Points decrease,1.0,11.0,10.0
DC232,Law and Society (BCL),469.0,466.0,453.0,Points decrease,3.0,16.0,13.0
DC235,Education and Training - Daytime and Flexible Deli,302.0,309.0,307.0,Points decrease,-7.0,-5.0,2.0
DC238,Social Sciences and Cultural Innovation,387.0,377.0,358.0,Points decrease,10.0,29.0,19.0
DC240,Marketing  Innovation and Technology,499.0,476.0,451.0,Points decrease,23.0,48.0,25.0
DC241,Digital Business and Innovation,509.0,,,Points decrease,,,
DC291,Arts (Joint Honours) - Media Studies,350.0,376.0,349.0,Points decrease,-26.0,1.0,27.0
DC292,Arts (Joint Honours) - Law,400.0,403.0,356.0,Points decrease,-3.0,44.0,47.0
DC293,Arts (Joint Honours) - International Languages,379.0,377.0,369.0,Points decrease,2.0,10.0,8.0
DC294,Climate and Environmental Sustainability,475.0,,,Points decrease,,,
DC295,Arts (Joint Honours) - Politics,349.0,376.0,348.0,Points decrease,-27.0,1.0,28.0
DL822,Arts Management,254.0,229.0,209.0,Points decrease,25.0,45.0,20.0
DL823,Business Management,220.0,235.0,260.0,Points decrease,-15.0,-40.0,-25.0
DL825,Applied Psychology,418.0,379.0,349.0,Points decrease,39.0,69.0,30.0
DL826,Graphic Design,591.0,855.0,736.0,Points decrease,-264.0,-145.0,119.0
DL827,Art,574.0,572.0,583.0,Points decrease,2.0,-9.0,-11.0
DL832,Animation,989.0,920.0,855.0,Points decrease,69.0,134.0,65.0
DL833,Photography and Visual Media,671.0,650.0,636.0,Points decrease,21.0,35.0,14.0
DL836,Creative Computing,235.0,219.0,217.0,Points decrease,16.0,18.0,2.0
DL837,New Media Studies,298.0,201.0,290.0,Points decrease,97.0,8.0,-89.0
DL838,Creative Music Production,713.0,754.0,746.0,Points decrease,-41.0,-33.0,8.0
DL839,Interaction and User Experience Design,757.0,683.0,,Points decrease,74.0,,
DL840,Digital Marketing,210.0,228.0,,Points decrease,-18.0,,
DL841,English and Equality Studies,277.0,276.0,,Points decrease,1.0,,
DL843,Film,987.0,,,Points decrease,,,
DL844,Television,566.0,,,Points decrease,,,
DL845,Design for Film (degree options),628.0,,,Points decrease,,,
GC200,Business,269.0,252.0,269.0,Points decrease,17.0,0.0,-17.0
GC201,Accounting and Finance,260.0,303.0,251.0,Points decrease,-43.0,9.0,52.0
GC230,Computing Science,300.0,335.0,228.0,Points decrease,-35.0,72.0,107.0
GC300,Business,264.0,429.0,251.0,Points decrease,-165.0,13.0,178.0
GC301,Accounting and Finance,,253.0,307.0,Points decrease,,,-54.0
GC302,Business - HRM,377.0,,269.0,Points decrease,,108.0,
GC307,Business (Marketing),289.0,,,Points decrease,,,
GC400,Business,250.0,248.0,246.0,Points decrease,2.0,4.0,2.0
GC401,Accounting and Finance,242.0,240.0,181.0,Points decrease,2.0,61.0,59.0
GC402,Business (HRM),,264.0,217.0,Points decrease,,,47.0
GC403,Law,245.0,244.0,225.0,Points decrease,1.0,20.0,19.0
GC407,Business (Marketing),264.0,280.0,246.0,Points decrease,-16.0,18.0,34.0
GC430,Computing Science,251.0,252.0,217.0,Points decrease,-1.0,34.0,35.0
GC450,Communications and Media Production,225.0,254.0,227.0,Points decrease,-29.0,-2.0,27.0
GC462,Design Communication (portfolio),300.0,,,Points decrease,,,
GC489,Interior Architecture (portfolio),288.0,254.0,267.0,Points decrease,34.0,21.0,-13.0
GC494,Fashion Design (portfolio),351.0,337.0,,Points decrease,14.0,,
BY001,Business,210.0,,,Points decrease,,,
ID001,Accounting and Finance,,203.0,229.0,Points decrease,,,-26.0
ID002,Business Studies,,294.0,285.0,Points decrease,,,9.0
AD101,First Year Art and Design (Common Entry portfolio),554.0,,0.0,Points decrease,,554.0,
AD102,Graphic Design and Moving Image Design (portfolio),538.0,,0.0,Points decrease,,538.0,
AD103,Textile and Surface Design and Jewellery and Objec,505.0,,0.0,Points decrease,,505.0,
AD202,Education and Design or Fine Art (Second Level Tea,591.0,,0.0,Points decrease,,591.0,
AD204,Fine Art (portfolio),514.0,,0.0,Points decrease,,514.0,
AD211,Fashion Design (portfolio),760.0,,0.0,Points decrease,,760.0,
AD212,Product Design (portfolio),413.0,,0.0,Points decrease,,413.0,
AD215,Visual Culture,337.0,377.0,300.0,Points decrease,-40.0,37.0,77.0
AD217,Illustration (portfolio),738.0,,0.0,Points decrease,,738.0,
AD222,Interaction Design (portfolio),444.0,,0.0,Points decrease,,444.0,
NC003,Computing (Degree Award options),271.0,260.0,261.0,Points decrease,11.0,10.0,-1.0
NC005,Human Resource Management,301.0,300.0,297.0,Points decrease,1.0,4.0,3.0
NC009,Business,300.0,300.0,297.0,Points decrease,0.0,3.0,3.0
NC010,Psychology,420.0,400.0,366.0,Points decrease,20.0,54.0,34.0
NC020,Marketing Practice,270.0,280.0,270.0,Points decrease,-10.0,0.0,10.0
NC022,Accounting and Finance,330.0,337.0,338.0,Points decrease,-7.0,-8.0,-1.0
NC023,Technology Management (with specialisations),266.0,261.0,260.0,Points decrease,5.0,6.0,1.0
NC030,Early Childhood Education and Care,251.0,,,Points decrease,,,
RC001,Medicine - Undergraduate Entry (HPAT required),741.0,733.0,729.0,Points decrease,8.0,12.0,4.0
RC004,Physiotherapy,589.0,566.0,532.0,Points decrease,23.0,57.0,34.0
RC005,Pharmacy,613.0,579.0,555.0,Points decrease,34.0,58.0,24.0
RC101,Medicine - Graduate Entry (GAMSAT required),,,60.0,Points decrease,,,
NM801,Montessori Education,262.0,220.0,,Points decrease,42.0,,
NM802,Psychology,228.0,,,Points decrease,,,
TU801,Sustainable Energy Engineering,235.0,235.0,,Points decrease,0.0,,
TU802,Electrical Services and Energy Management,309.0,317.0,,Points decrease,-8.0,,
TU804,Engineering (Common Entry with Award options),270.0,271.0,,Points decrease,-1.0,,
TU805,Engineering (General Entry),466.0,402.0,,Points decrease,64.0,,
TU807,Computer Engineering in Mobile Systems,274.0,276.0,,Points decrease,-2.0,,
TU810,Mechatronic Engineering,271.0,270.0,,Points decrease,1.0,,
TU811,Product Design,440.0,411.0,,Points decrease,29.0,,
TU812,Design Technology and Innovation,278.0,270.0,,Points decrease,8.0,,
TU814,Sustainable Transport Management,253.0,285.0,,Points decrease,-32.0,,
TU828,Mechanical Engineering (General Entry),300.0,,,Points decrease,,,
TU829,Electronic Engineering (General Entry),248.0,,,Points decrease,,,
TU831,Architectural Technology,423.0,410.0,,Points decrease,13.0,,
TU832,Architecture (Suitability Test and Interview),644.0,622.0,,Points decrease,22.0,,
TU833,Construction Management,396.0,367.0,,Points decrease,29.0,,
TU834,Geographic Science,315.0,288.0,,Points decrease,27.0,,
TU835,Planning and Environmental Management,330.0,313.0,,Points decrease,17.0,,
TU836,Property Economics (Valuation Surveying),411.0,401.0,,Points decrease,10.0,,
TU837,Quantity Surveying and Construction Economics,413.0,385.0,,Points decrease,28.0,,
TU838,Sustainable Timber Technology,307.0,,,Points decrease,,,
TU851,Analytical Chemistry (Environmental  Forensic and,400.0,349.0,,Points decrease,51.0,,
TU852,Chemical Sciences with Medicinal Chemistry,477.0,476.0,,Points decrease,1.0,,
TU854,Science (General Entry),510.0,476.0,,Points decrease,34.0,,
TU855,Science with Nanotechnology,322.0,331.0,,Points decrease,-9.0,,
TU856,Computer Science,499.0,476.0,,Points decrease,23.0,,
TU857,Computer Science (Infrastructure),403.0,391.0,,Points decrease,12.0,,
TU858,Computer Science (International),395.0,377.0,,Points decrease,18.0,,
TU859,Computing,251.0,217.0,,Points decrease,34.0,,
TU860,Computing (Information Technology),270.0,260.0,,Points decrease,10.0,,
TU861,Computing with Language (French/German/Spanish),235.0,308.0,,Points decrease,-73.0,,
TU862,Computing with Artificial Intelligence Machine Lea,262.0,226.0,,Points decrease,36.0,,
TU863,Digital Forensics and Cyber Security,282.0,280.0,,Points decrease,2.0,,
TU864,DNA and Forensic Analysis,500.0,400.0,,Points decrease,100.0,,
TU865,Cloud Computing,235.0,226.0,,Points decrease,9.0,,
TU866,Biomedical and Molecular Diagnostics,522.0,487.0,,Points decrease,35.0,,
TU867,Biomedical Science,576.0,524.0,,Points decrease,52.0,,
TU868,Clinical Measurement Science,542.0,510.0,,Points decrease,32.0,,
TU869,Environmental Health,387.0,336.0,,Points decrease,51.0,,
TU870,Human Nutrition and Dietetics,601.0,578.0,,Points decrease,23.0,,
TU871,Optometry,532.0,509.0,,Points decrease,23.0,,
TU872,Public Health Nutrition,487.0,491.0,,Points decrease,-4.0,,
TU874,Mathematical Sciences,294.0,341.0,,Points decrease,-47.0,,
TU875,Pharmaceutical Healthcare,451.0,400.0,,Points decrease,51.0,,
TU876,Pharmaceutical Science,445.0,377.0,,Points decrease,68.0,,
TU877,Physics Technology,314.0,308.0,,Points decrease,6.0,,
TU878,Physics with Energy and Environment,339.0,337.0,,Points decrease,2.0,,
TU879,Physics with Medical Physics and Bioengineering,346.0,351.0,,Points decrease,-5.0,,
TU880,Physics with Data Science,412.0,578.0,,Points decrease,-166.0,,
TU881,Food Innovation,309.0,318.0,,Points decrease,-9.0,,
TU882,Nutraceuticals in Health and Nutrition,380.0,397.0,,Points decrease,-17.0,,
TU902,Business (options),270.0,271.0,,Points decrease,-1.0,,
TU903,Business and Management,477.0,463.0,,Points decrease,14.0,,
TU904,Business and Law,462.0,462.0,,Points decrease,0.0,,
TU905,Economics and Finance,460.0,465.0,,Points decrease,-5.0,,
TU906,Human Resource Management,386.0,395.0,,Points decrease,-9.0,,
TU907,Logistics and Supply Chain Management,300.0,300.0,,Points decrease,0.0,,
TU910,Accounting,420.0,444.0,,Points decrease,-24.0,,
TU912,Business Analytics,331.0,330.0,,Points decrease,1.0,,
TU914,Business Computing,322.0,324.0,,Points decrease,-2.0,,
TU917,Law (LLB ) with a Language,356.0,342.0,,Points decrease,14.0,,
TU918,Law (LLB),463.0,451.0,,Points decrease,12.0,,
TU919,Advertising and Marketing Communications,219.0,228.0,,Points decrease,-9.0,,
TU920,Digital Marketing,270.0,270.0,,Points decrease,0.0,,
TU921,Digital Marketing Technologies,230.0,212.0,,Points decrease,18.0,,
TU922,Marketing,412.0,418.0,,Points decrease,-6.0,,
TU924,E-Commerce in Retailing,307.0,307.0,,Points decrease,0.0,,
TU925,Retail and Services Management,307.0,301.0,,Points decrease,6.0,,
TU932,Business (options),211.0,,,Points decrease,,,
TU933,Accounting and Finance (campus options),251.0,,,Points decrease,,,
TU935,Sports Management and Coaching,300.0,300.0,,Points decrease,0.0,,
TU936,Sports Science and Health,484.0,410.0,,Points decrease,74.0,,
TU941,Botanical Cuisine,311.0,249.0,,Points decrease,62.0,,
TU942,Culinary Arts,252.0,212.0,,Points decrease,40.0,,
TU943,Culinary Entrepreneurship,261.0,278.0,,Points decrease,-17.0,,
TU944,Culinary Science,336.0,316.0,,Points decrease,20.0,,
TU951,International Hospitality and Tourism Management,244.0,184.0,,Points decrease,60.0,,
TU952,International Hospitality Management,309.0,300.0,,Points decrease,9.0,,
TU953,Tourism and Digital Marketing,308.0,290.0,,Points decrease,18.0,,
TU954,Event Management,326.0,356.0,,Points decrease,-30.0,,
TU955,Sports and Leisure Management,275.0,217.0,,Points decrease,58.0,,
TU961,Commercial Modern Music (BIMM - assessment/auditio,536.0,608.0,,Points decrease,-72.0,,
TU962,Drama (Performance  audition),448.0,379.0,,Points decrease,69.0,,
TU963,Music (audition),364.0,416.0,,Points decrease,-52.0,,
TU965,International Business and Languages,357.0,356.0,,Points decrease,1.0,,
TU967,Languages and International Tourism,298.0,308.0,,Points decrease,-10.0,,
TU973,Design - Visual Communication (portfolio),700.0,717.0,,Points decrease,-17.0,,
TU974,Fine Art (portfolio),549.0,709.0,,Points decrease,-160.0,,
TU975,Interior Design (portfolio),544.0,632.0,,Points decrease,-88.0,,
TU976,Photography (portfolio),700.0,695.0,,Points decrease,5.0,,
TU978,Creative Industries and Visual Culture,299.0,,,Points decrease,,,
TU981,Creative Digital Media,280.0,280.0,,Points decrease,0.0,,
TU982,Media Production and Digital Arts,369.0,320.0,,Points decrease,49.0,,
TU983,Film and Broadcasting,462.0,456.0,,Points decrease,6.0,,
TU984,Game Design,414.0,381.0,,Points decrease,33.0,,
TU985,Journalism,367.0,322.0,,Points decrease,45.0,,
TU989,Early Childhood Care and Education (campus options,270.0,,,Points decrease,,,
TU991,Applied Social Studies in Social Care,326.0,325.0,,Points decrease,1.0,,
TU992,Community Development and Youth Work,251.0,251.0,,Points decrease,0.0,,
TU995,Early Childhood Education,378.0,367.0,,Points decrease,11.0,,
TU996,Social Care,407.0,400.0,,Points decrease,7.0,,
TU997,Applied Social Care,320.0,310.0,,Points decrease,10.0,,
TR002,Music,508.0,435.0,414.0,Points decrease,73.0,94.0,21.0
TR003,History,552.0,497.0,486.0,Points decrease,55.0,66.0,11.0
TR004,Law,590.0,566.0,532.0,Points decrease,24.0,58.0,34.0
TR005,Philosophy,510.0,442.0,391.0,Points decrease,68.0,119.0,51.0
TR006,Psychology,601.0,567.0,555.0,Points decrease,34.0,46.0,12.0
TR007,Clinical Speech and Language Studies,564.0,529.0,499.0,Points decrease,35.0,65.0,30.0
TR009,Music Education,496.0,420.0,430.0,Points decrease,76.0,66.0,-10.0
TR015,Philosophy  Political Science  Economics and Socio,613.0,589.0,566.0,Points decrease,24.0,47.0,23.0
TR016,Deaf Studies,389.0,340.0,337.0,Points decrease,49.0,52.0,3.0
TR018,Law and French,602.0,565.0,532.0,Points decrease,37.0,70.0,33.0
TR019,Law and German,577.0,543.0,523.0,Points decrease,34.0,54.0,20.0
TR021,Classics  Ancient History and Archaeology,467.0,370.0,377.0,Points decrease,97.0,90.0,-7.0
TR022,Early and Modern Irish,377.0,398.0,347.0,Points decrease,-21.0,30.0,51.0
TR023,English Studies,546.0,487.0,463.0,Points decrease,59.0,83.0,24.0
TR024,European Studies,566.0,544.0,520.0,Points decrease,22.0,46.0,24.0
TR025,Drama and Theatre Studies,543.0,564.0,489.0,Points decrease,-21.0,54.0,75.0
TR028,Ancient and Medieval History and Culture,498.0,342.0,339.0,Points decrease,156.0,159.0,3.0
TR031,Mathematics,579.0,531.0,566.0,Points decrease,48.0,13.0,-35.0
TR032,Engineering,556.0,510.0,487.0,Points decrease,46.0,69.0,23.0
TR033,Computer Science,566.0,509.0,465.0,Points decrease,57.0,101.0,44.0
TR034,Management Science and Information Systems Studies,625.0,613.0,589.0,Points decrease,12.0,36.0,24.0
TR035,Theoretical Physics,590.0,543.0,554.0,Points decrease,47.0,36.0,-11.0
TR038,Engineering with Management,589.0,532.0,499.0,Points decrease,57.0,90.0,33.0
TR039,Computer Science  Linguistics and a Language,443.0,454.0,435.0,Points decrease,-11.0,8.0,19.0
TR040,Middle Eastern and European Languages and Cultures,520.0,466.0,485.0,Points decrease,54.0,35.0,-19.0
TR041,Religion,417.0,368.0,347.0,Points decrease,49.0,70.0,21.0
TR042,Film,531.0,489.0,,Points decrease,42.0,,
TR043,History of Art and Architecture,498.0,393.0,,Points decrease,105.0,,
TR051,Medicine (HPAT required),743.0,735.0,730.0,Points decrease,8.0,13.0,5.0
TR052,Dental Science,625.0,613.0,590.0,Points decrease,12.0,35.0,23.0
TR053,Physiotherapy,590.0,566.0,533.0,Points decrease,24.0,57.0,33.0
TR054,Occupational Therapy,578.0,533.0,500.0,Points decrease,45.0,78.0,33.0
TR055,Radiation Therapy,577.0,543.0,510.0,Points decrease,34.0,67.0,33.0
TR056,Human Health and Disease,601.0,565.0,543.0,Points decrease,36.0,58.0,22.0
TR060,Biological and Biomedical Sciences,578.0,543.0,510.0,Points decrease,35.0,68.0,33.0
TR061,Chemical Sciences,558.0,517.0,488.0,Points decrease,41.0,70.0,29.0
TR062,Geography and Geoscience,495.0,473.0,435.0,Points decrease,22.0,60.0,38.0
TR063,Physical Sciences,554.0,498.0,498.0,Points decrease,56.0,56.0,0.0
TR064,Environmental Science and Engineering,555.0,,,Points decrease,,,
TR072,Pharmacy,613.0,590.0,555.0,Points decrease,23.0,58.0,35.0
TR080,Global Business,613.0,589.0,565.0,Points decrease,24.0,48.0,24.0
TR081,Business  Economic and Social Studies (BESS),577.0,543.0,518.0,Points decrease,34.0,59.0,25.0
TR084,Social Studies (Social Work),497.0,462.0,420.0,Points decrease,35.0,77.0,42.0
TR085,Business Studies and French,564.0,540.0,509.0,Points decrease,24.0,55.0,31.0
TR086,Business Studies and German,530.0,509.0,474.0,Points decrease,21.0,56.0,35.0
TR087,Business Studies and Russian,487.0,474.0,467.0,Points decrease,13.0,20.0,7.0
TR089,Business Studies and Polish,391.0,444.0,393.0,Points decrease,-53.0,-2.0,51.0
TR090,Business Studies and Spanish,566.0,531.0,510.0,Points decrease,35.0,56.0,21.0
TR091,General Nursing (Meath and St James`s),462.0,429.0,393.0,Points decrease,33.0,69.0,36.0
TR093,General Nursing (Adelaide School of Nursing),473.0,430.0,378.0,Points decrease,43.0,95.0,52.0
TR095,Mental Health Nursing,442.0,408.0,358.0,Points decrease,34.0,84.0,50.0
TR097,Intellectual Disability Nursing,412.0,396.0,346.0,Points decrease,16.0,66.0,50.0
TR911,Children`s and General Nursing (Integrated),531.0,511.0,476.0,Points decrease,20.0,55.0,35.0
TR913,Midwifery,521.0,478.0,423.0,Points decrease,43.0,98.0,55.0
DN100,Architecture,555.0,510.0,473.0,Points decrease,45.0,82.0,37.0
DN120,Landscape Architecture,463.0,407.0,353.0,Points decrease,56.0,110.0,54.0
DN130,City Planning and Environmental Policy,445.0,407.0,367.0,Points decrease,38.0,78.0,40.0
DN150,Engineering (Common Entry),565.0,531.0,511.0,Points decrease,34.0,54.0,20.0
DN200,Science (options),577.0,533.0,521.0,Points decrease,44.0,56.0,12.0
DN201,Computer Science (Common Entry),554.0,510.0,488.0,Points decrease,44.0,66.0,22.0
DN230,Actuarial and Financial Studies,613.0,601.0,577.0,Points decrease,12.0,36.0,24.0
DN240,Sustainability,510.0,440.0,,Points decrease,70.0,,
DN250,Agricultural Science (options),454.0,456.0,420.0,Points decrease,-2.0,34.0,36.0
DN261,Food Science,531.0,477.0,434.0,Points decrease,54.0,97.0,43.0
DN262,Human Nutrition,566.0,531.0,493.0,Points decrease,35.0,73.0,38.0
DN300,Veterinary Medicine - Undergraduate Entry,601.0,589.0,567.0,Points decrease,12.0,34.0,22.0
DN301,Veterinary Medicine - Graduate Entry (GAMSAT requi,,,,Points decrease,,,
DN310,Veterinary Nursing,521.0,478.0,441.0,Points decrease,43.0,80.0,37.0
DN400,Medicine - Undergraduate Entry (HPAT required),743.0,737.0,735.0,Points decrease,6.0,8.0,2.0
DN401,Medicine - Graduate Entry (GAMSAT required),61.0,,59.0,Points decrease,,2.0,
DN410,Radiography,566.0,534.0,507.0,Points decrease,32.0,59.0,27.0
DN411,Radiography - Graduate Entry,,,,Points decrease,,,
DN420,Physiotherapy,601.0,578.0,542.0,Points decrease,23.0,59.0,36.0
DN425,Health and Performance Science,544.0,510.0,488.0,Points decrease,34.0,56.0,22.0
DN430,Sport and Exercise Management,484.0,455.0,436.0,Points decrease,29.0,48.0,19.0
DN440,Biomedical  Health and Life Sciences,613.0,590.0,565.0,Points decrease,23.0,48.0,25.0
DN450,General Nursing,462.0,429.0,398.0,Points decrease,33.0,64.0,31.0
DN451,Children`s and General Nursing (Integrated),533.0,509.0,462.0,Points decrease,24.0,71.0,47.0
DN452,Midwifery,510.0,489.0,409.0,Points decrease,21.0,101.0,80.0
DN453,Mental Health Nursing,442.0,397.0,379.0,Points decrease,45.0,63.0,18.0
DN520,Joint Honours (options),381.0,310.0,336.0,Points decrease,71.0,45.0,-26.0
DN530,Humanities (options),397.0,340.0,348.0,Points decrease,57.0,49.0,-8.0
DN541,Modern Languages (options),320.0,303.0,348.0,Points decrease,17.0,-28.0,-45.0
DN600,Law (options),576.0,546.0,520.0,Points decrease,30.0,56.0,26.0
DN610,Business and Law,573.0,545.0,521.0,Points decrease,28.0,52.0,24.0
DN650,Commerce,555.0,521.0,498.0,Points decrease,34.0,57.0,23.0
DN660,Commerce International (options),555.0,517.0,507.0,Points decrease,38.0,48.0,10.0
DN670,Economics and Finance,625.0,613.0,601.0,Points decrease,12.0,24.0,12.0
DN700,Social Sciences (options),475.0,421.0,388.0,Points decrease,54.0,87.0,33.0
DN710,Economics,534.0,498.0,476.0,Points decrease,36.0,58.0,22.0
DN720,Psychology,566.0,530.0,517.0,Points decrease,36.0,49.0,13.0
DN750,Social Policy and Sociology,421.0,378.0,330.0,Points decrease,43.0,91.0,48.0
DK810,Accounting and Finance,307.0,305.0,306.0,Points decrease,2.0,1.0,-1.0
DK816,Business Studies,301.0,300.0,300.0,Points decrease,1.0,1.0,0.0
DK820,Computing in Games Development,309.0,311.0,307.0,Points decrease,-2.0,2.0,4.0
DK821,Computing in Software Development,320.0,302.0,301.0,Points decrease,18.0,19.0,1.0
DK822,Augmented and Virtual Reality,320.0,307.0,,Points decrease,13.0,,
DK830,Building Surveying,305.0,336.0,302.0,Points decrease,-31.0,3.0,34.0
DK831,Architectural Technology,368.0,389.0,301.0,Points decrease,-21.0,67.0,88.0
DK832,Construction Management,358.0,387.0,300.0,Points decrease,-29.0,58.0,87.0
DK843,Engineering (Common Entry),404.0,340.0,303.0,Points decrease,64.0,101.0,37.0
DK844,Mechanical Engineering,336.0,305.0,,Points decrease,31.0,,
DK845,Electrical and Electronic Engineering,331.0,304.0,,Points decrease,27.0,,
DK846,Civil Engineering,371.0,391.0,,Points decrease,-20.0,,
DK850,International Tourism Management,303.0,317.0,,Points decrease,-14.0,,
DK861,Arts,302.0,302.0,300.0,Points decrease,0.0,2.0,2.0
DK862,Social Care,322.0,301.0,300.0,Points decrease,21.0,22.0,1.0
DK863,Creative Media,336.0,308.0,300.0,Points decrease,28.0,36.0,8.0
DK864,Film and Television Production,308.0,300.0,300.0,Points decrease,8.0,8.0,0.0
DK865,Audio and Music Production,352.0,301.0,301.0,Points decrease,51.0,51.0,0.0
DK870,General Nursing,440.0,403.0,392.0,Points decrease,37.0,48.0,11.0
DK872,Intellectual Disability Nursing,367.0,336.0,300.0,Points decrease,31.0,67.0,36.0
DK874,Mental Health Nursing,398.0,356.0,356.0,Points decrease,42.0,42.0,0.0
DK876,Early Childhood Studies,300.0,321.0,305.0,Points decrease,-21.0,-5.0,16.0
DK877,Midwifery,482.0,440.0,398.0,Points decrease,42.0,84.0,42.0
DK880,Health and Physical Activity,301.0,328.0,300.0,Points decrease,-27.0,1.0,28.0
DK882,Agriculture (Award options),342.0,310.0,303.0,Points decrease,32.0,39.0,7.0
DK883,Science (Award options),373.0,358.0,300.0,Points decrease,15.0,73.0,58.0
DK884,Sustainable Agriculture,348.0,,,Points decrease,,,
DK885,Agri-Food Production,,,,Points decrease,,,
DK886,Biopharmaceutical Science,379.0,301.0,,Points decrease,78.0,,
DK887,Environmental Science,377.0,330.0,,Points decrease,47.0,,
GA181,Accounting,303.0,309.0,303.0,Points decrease,-6.0,0.0,6.0
GA182,Business,285.0,287.0,290.0,Points decrease,-2.0,-5.0,-3.0
GA183,Business Information Systems,298.0,296.0,309.0,Points decrease,2.0,-11.0,-13.0
GA184,Marketing and Sales,300.0,307.0,307.0,Points decrease,-7.0,-7.0,0.0
GA185,Finance and Economics,318.0,293.0,307.0,Points decrease,25.0,11.0,-14.0
GA186,Business with Entrepreneurship,287.0,280.0,297.0,Points decrease,7.0,-10.0,-17.0
GA187,Rural Enterprise and Agri-Business,291.0,281.0,280.0,Points decrease,10.0,11.0,1.0
GA281,Film and Documentary,310.0,304.0,287.0,Points decrease,6.0,23.0,17.0
GA282,Heritage Studies,252.0,220.0,238.0,Points decrease,32.0,14.0,-18.0
GA283,Contemporary Art (portfolio),790.0,679.0,260.0,Points decrease,111.0,530.0,419.0
GA284,Design,331.0,303.0,309.0,Points decrease,28.0,22.0,-6.0
GA285,Education (Art  Design and Graphics),406.0,,,Points decrease,,,
GA380,International Hotel Management,218.0,242.0,225.0,Points decrease,-24.0,-7.0,17.0
GA381,International Tourism Management,252.0,278.0,261.0,Points decrease,-26.0,-9.0,17.0
GA382,Culinary and Gastronomic Science,235.0,206.0,225.0,Points decrease,29.0,10.0,-19.0
GA384,Event Management with Public Relations,230.0,212.0,209.0,Points decrease,18.0,21.0,3.0
GA480,Construction Management,302.0,260.0,260.0,Points decrease,42.0,42.0,0.0
GA482,Quantity Surveying and Construction Economics,304.0,288.0,280.0,Points decrease,16.0,24.0,8.0
GA483,Architectural Technology,281.0,265.0,251.0,Points decrease,16.0,30.0,14.0
GA484,Civil Engineering,377.0,290.0,270.0,Points decrease,87.0,107.0,20.0
GA580,Software and Electronic Engineering,300.0,300.0,301.0,Points decrease,0.0,-1.0,-1.0
GA680,Mechanical Engineering,400.0,330.0,336.0,Points decrease,70.0,64.0,-6.0
GA681,Energy Engineering,312.0,293.0,281.0,Points decrease,19.0,31.0,12.0
GA682,Biomedical Engineering,331.0,313.0,331.0,Points decrease,18.0,0.0,-18.0
GA683,Agricultural Engineering,304.0,309.0,301.0,Points decrease,-5.0,3.0,8.0
GA684,Engineering Common Entry to Manu/Agri/Biomed/Energ,413.0,340.0,346.0,Points decrease,73.0,67.0,-6.0
GA685,Manufacturing Engineering Design,336.0,309.0,,Points decrease,27.0,,
GA780,Applied Freshwater and Marine Biology,366.0,327.0,300.0,Points decrease,39.0,66.0,27.0
GA781,Applied Biology and Biopharmaceutical Science,381.0,337.0,317.0,Points decrease,44.0,64.0,20.0
GA782,Chemical and Pharmaceutical Science,356.0,336.0,307.0,Points decrease,20.0,49.0,29.0
GA783,Physics and Instrumentation,301.0,363.0,373.0,Points decrease,-62.0,-72.0,-10.0
GA784,Science (Undenominated),445.0,372.0,327.0,Points decrease,73.0,118.0,45.0
GA785,Medical Science,517.0,473.0,451.0,Points decrease,44.0,66.0,22.0
GA786,Forensic Science and Analysis,408.0,317.0,300.0,Points decrease,91.0,108.0,17.0
GA787,Computing in Software Development,310.0,270.0,275.0,Points decrease,40.0,35.0,-5.0
GA788,Computing and Digital Media,270.0,274.0,270.0,Points decrease,-4.0,0.0,4.0
GA789,Agriculture and Environmental Management,340.0,287.0,297.0,Points decrease,53.0,43.0,-10.0
GA790,Sport and Exercise Science,376.0,356.0,350.0,Points decrease,20.0,26.0,6.0
GA791,Public Health Nutrition,368.0,368.0,364.0,Points decrease,0.0,4.0,4.0
GA880,General Nursing,440.0,429.0,389.0,Points decrease,11.0,51.0,40.0
GA882,Psychiatric Nursing,369.0,367.0,346.0,Points decrease,2.0,23.0,21.0
GA885,Outdoor Education,269.0,252.0,210.0,Points decrease,17.0,59.0,42.0
GA887,History and Geography,201.0,244.0,228.0,Points decrease,-43.0,-27.0,16.0
GA889,Applied Social Care,265.0,266.0,260.0,Points decrease,-1.0,5.0,6.0
GA890,Early Childhood Education and Care,281.0,270.0,278.0,Points decrease,11.0,3.0,-8.0
GA891,Geography and Outdoor Education,261.0,244.0,,Points decrease,17.0,,
GA892,Community Development and Youth Work (Level 8),,,,Points decrease,,,
GA980,Education (Design Graphics and Construction),410.0,377.0,376.0,Points decrease,33.0,34.0,1.0
GA981,Furniture Design and Manufacture,346.0,,271.0,Points decrease,,75.0,
GA982,Furniture Making and Architectural Woodworking,360.0,,270.0,Points decrease,,90.0,
GA983,Furniture and Digital Manufacturing,,,,Points decrease,,,
GA984,Furniture Design  Making and Technology - Common E,486.0,284.0,,Points decrease,202.0,,
GY101,Arts (Joint-Honours),327.0,300.0,300.0,Points decrease,27.0,27.0,0.0
GY104,BSc (Psychology),564.0,523.0,507.0,Points decrease,41.0,57.0,16.0
GY105,Arts (History),357.0,301.0,318.0,Points decrease,56.0,39.0,-17.0
GY109,Arts (Mathematics and Education),413.0,403.0,411.0,Points decrease,10.0,2.0,-8.0
GY110,Arts (Children and Youth Studies - options),387.0,357.0,382.0,Points decrease,30.0,5.0,-25.0
GY111,Arts (English and Creative Writing),421.0,330.0,402.0,Points decrease,91.0,19.0,-72.0
GY113,Arts with Human Rights,413.0,368.0,338.0,Points decrease,45.0,75.0,30.0
GY115,Arts with Performing Arts Studies,300.0,387.0,328.0,Points decrease,-87.0,-28.0,59.0
GY118,Arts (Drama  Theatre and Performance Studies),453.0,451.0,410.0,Points decrease,2.0,43.0,41.0
GY119,Arts (Journalism),484.0,400.0,410.0,Points decrease,84.0,74.0,-10.0
GY122,Na Dána (Cumarsáid agus Gaeilge),410.0,361.0,308.0,Points decrease,49.0,102.0,53.0
GY123,Applied Social Sciences,419.0,358.0,357.0,Points decrease,61.0,62.0,1.0
GY125,Arts (Digital Arts and Technology),403.0,328.0,324.0,Points decrease,75.0,79.0,4.0
GY127,Arts (Film and Digital Media),430.0,401.0,387.0,Points decrease,29.0,43.0,14.0
GY128,Arts (Global Languages),346.0,352.0,370.0,Points decrease,-6.0,-24.0,-18.0
GY129,Arts (Global Experience),465.0,420.0,408.0,Points decrease,45.0,57.0,12.0
GY130,Arts (Music),462.0,408.0,400.0,Points decrease,54.0,62.0,8.0
GY132,Government (Politics  Economics and Law),465.0,407.0,402.0,Points decrease,58.0,63.0,5.0
GY133,Education (Computer Science and Mathematical Studi,454.0,422.0,401.0,Points decrease,32.0,53.0,21.0
GY134,Geography and Geosystems,425.0,410.0,,Points decrease,15.0,,
GY135,Arts (Global Media),442.0,,,Points decrease,,,
GY136,Na Dána (Léann Teanga - options),526.0,,,Points decrease,,,
GY201,Commerce,476.0,433.0,420.0,Points decrease,43.0,56.0,13.0
GY202,Commerce (International) with French,520.0,484.0,484.0,Points decrease,36.0,36.0,0.0
GY203,Commerce (International) with German,518.0,489.0,489.0,Points decrease,29.0,29.0,0.0
GY204,Commerce (International) with Spanish,506.0,495.0,484.0,Points decrease,11.0,22.0,11.0
GY206,Business Information Systems (Work Placement and O,509.0,465.0,431.0,Points decrease,44.0,78.0,34.0
GY207,Commerce (Accounting) including optional Global Ex,543.0,509.0,486.0,Points decrease,34.0,57.0,23.0
GY208,Commerce (Gaeilge),508.0,473.0,473.0,Points decrease,35.0,35.0,0.0
GY209,Commerce (Global Experience),551.0,530.0,509.0,Points decrease,21.0,42.0,21.0
GY250,Law and Business,510.0,487.0,436.0,Points decrease,23.0,74.0,51.0
GY251,Law (BCL),542.0,499.0,473.0,Points decrease,43.0,69.0,26.0
GY252,Law (BCL) and Human Rights,565.0,520.0,510.0,Points decrease,45.0,55.0,10.0
GY253,Law and Taxation,506.0,509.0,,Points decrease,-3.0,,
GY254,Law (BCL)  Criminology and Criminal Justice,548.0,530.0,,Points decrease,18.0,,
GY261,Business Studies in International Hotel Management,503.0,497.0,486.0,Points decrease,6.0,17.0,11.0
GY262,Commerce in International Hotel Management (interv,709.0,681.0,671.0,Points decrease,28.0,38.0,10.0
GY301,Science,489.0,433.0,400.0,Points decrease,56.0,89.0,33.0
GY303,Biomedical Science,613.0,556.0,533.0,Points decrease,57.0,80.0,23.0
GY304,Biotechnology,498.0,465.0,473.0,Points decrease,33.0,25.0,-8.0
GY308,Environmental Science,431.0,408.0,413.0,Points decrease,23.0,18.0,-5.0
GY309,Financial Mathematics and Economics,509.0,487.0,454.0,Points decrease,22.0,55.0,33.0
GY310,Marine Science,467.0,419.0,409.0,Points decrease,48.0,58.0,10.0
GY313,Environmental Health and Safety,412.0,412.0,402.0,Points decrease,0.0,10.0,10.0
GY314,Earth and Ocean Sciences,422.0,403.0,402.0,Points decrease,19.0,20.0,1.0
GY318,Biopharmaceutical Chemistry,555.0,509.0,510.0,Points decrease,46.0,45.0,-1.0
GY319,Mathematical Science,543.0,476.0,456.0,Points decrease,67.0,87.0,20.0
GY320,Physics (Degree options: Applied Astrophysics Biom,465.0,402.0,401.0,Points decrease,63.0,64.0,1.0
GY321,Genetics and Genomics,532.0,508.0,,Points decrease,24.0,,
GY322,Agricultural Sciences,485.0,,,Points decrease,,,
GY350,Computer Science and Information Technology,495.0,403.0,425.0,Points decrease,92.0,70.0,-22.0
GY401,Engineering (Undenominated),522.0,465.0,444.0,Points decrease,57.0,78.0,21.0
GY402,Civil Engineering,533.0,455.0,509.0,Points decrease,78.0,24.0,-54.0
GY405,Mechanical Engineering,541.0,454.0,443.0,Points decrease,87.0,98.0,11.0
GY406,Electronic and Computer Engineering,555.0,510.0,509.0,Points decrease,45.0,46.0,1.0
GY408,Biomedical Engineering,554.0,509.0,519.0,Points decrease,45.0,35.0,-10.0
GY410,Project and Construction Management,431.0,403.0,434.0,Points decrease,28.0,-3.0,-31.0
GY413,Energy Systems Engineering,509.0,502.0,532.0,Points decrease,7.0,-23.0,-30.0
GY414,Electrical and Electronic Engineering,433.0,405.0,454.0,Points decrease,28.0,-21.0,-49.0
GY501,Medicine (five year/six year course  HPAT required,737.0,728.0,726.0,Points decrease,9.0,11.0,2.0
GY502,Occupational Therapy,601.0,555.0,532.0,Points decrease,46.0,69.0,23.0
GY503,Speech and Language Therapy,578.0,543.0,529.0,Points decrease,35.0,49.0,14.0
GY504,Podiatric Medicine,531.0,443.0,434.0,Points decrease,88.0,97.0,9.0
GY515,General Nursing (Galway and Portiuncula),502.0,476.0,442.0,Points decrease,26.0,60.0,34.0
GY516,Mental Health Nursing,475.0,440.0,388.0,Points decrease,35.0,87.0,52.0
GY517,Midwifery,520.0,495.0,429.0,Points decrease,25.0,91.0,66.0
LY108,Business - Accounting,312.0,309.0,318.0,Points decrease,3.0,-6.0,-9.0
LY118,Business,288.0,290.0,287.0,Points decrease,-2.0,1.0,3.0
LY128,Marketing with Online Technologies,261.0,,,Points decrease,,,
LY208,Law,300.0,300.0,300.0,Points decrease,0.0,0.0,0.0
LY228,Sports and Exercise - Common Entry,290.0,300.0,278.0,Points decrease,-10.0,12.0,22.0
LY408,Design - Common Entry,301.0,320.0,307.0,Points decrease,-19.0,-6.0,13.0
LY508,Fire Safety Engineering,283.0,276.0,270.0,Points decrease,7.0,13.0,6.0
LY518,Quantity Surveying,304.0,301.0,307.0,Points decrease,3.0,-3.0,-6.0
LY528,Construction Management,262.0,271.0,267.0,Points decrease,-9.0,-5.0,4.0
LY538,Architectural Technology,234.0,,,Points decrease,,,
LY608,Mechanical Engineering,300.0,300.0,304.0,Points decrease,0.0,-4.0,-4.0
LY618,Electronic Engineering,321.0,312.0,307.0,Points decrease,9.0,14.0,5.0
LY708,Applied Computing,320.0,306.0,300.0,Points decrease,14.0,20.0,6.0
LY748,Computer Science,316.0,317.0,,Points decrease,-1.0,,
LY818,Science - Common Entry,302.0,303.0,302.0,Points decrease,-1.0,0.0,1.0
LY828,Agriculture - Common Entry,308.0,307.0,300.0,Points decrease,1.0,8.0,7.0
LY908,General Nursing,429.0,400.0,383.0,Points decrease,29.0,46.0,17.0
LY918,Psychiatric Nursing,367.0,357.0,291.0,Points decrease,10.0,76.0,66.0
LY928,Intellectual Disability Nursing,357.0,326.0,288.0,Points decrease,31.0,69.0,38.0
LY968,Early Childhood Care  Health and Education,288.0,303.0,300.0,Points decrease,-15.0,-12.0,3.0
LY978,Health and Social Care - Common Entry,279.0,280.0,260.0,Points decrease,-1.0,19.0,20.0
MI001,Contemporary and Applied Theatre Studies,209.0,375.0,345.0,Points decrease,-166.0,-136.0,30.0
MI002,Arts,280.0,300.0,300.0,Points decrease,-20.0,-20.0,0.0
MI004,Education - Primary Teaching - International,589.0,577.0,,Points decrease,12.0,,
MI005,Education - Primary Teaching,522.0,495.0,473.0,Points decrease,27.0,49.0,22.0
MI006,Education - Primary Teaching - Gaeltacht Applicant,485.0,456.0,442.0,Points decrease,29.0,43.0,14.0
MI007,Early Childhood Care and Education,409.0,357.0,366.0,Points decrease,52.0,43.0,-9.0
MI008,Education and Psychology - Primary Teaching,590.0,588.0,543.0,Points decrease,2.0,47.0,45.0
MI009,Education  Business Studies and Accounting,434.0,402.0,392.0,Points decrease,32.0,42.0,10.0
MI010,Education  Business Studies and Religious Studies,370.0,368.0,326.0,Points decrease,2.0,44.0,42.0
MI011,Education  Gaeilge and Religious Studies,407.0,409.0,377.0,Points decrease,-2.0,30.0,32.0
MI012,Education  Gaeilge and Business Studies,387.0,401.0,398.0,Points decrease,-14.0,-11.0,3.0
MI013,Education  Mathematics and Gaeilge,509.0,444.0,433.0,Points decrease,65.0,76.0,11.0
MI014,Education  Mathematics and Business Studies,476.0,434.0,,Points decrease,42.0,,
CI110,Counselling and Psychotherapy,292.0,310.0,,Points decrease,-18.0,,
CI111,Counselling and Psychotherapy with Addiction Studi,290.0,301.0,,Points decrease,-11.0,,
CI112,Counselling and Psychotherapy with Youth Studies,325.0,311.0,,Points decrease,14.0,,
LC110,Art and Design (Common Entry  portfolio),794.0,740.0,734.0,Points decrease,54.0,60.0,6.0
LC114,Fashion and Textiles for Product and Costume (port,914.0,880.0,900.0,Points decrease,34.0,14.0,-20.0
LC115,Art and Design Teacher Education (LIT and UL  port,993.0,942.0,,Points decrease,51.0,,
LC220,Digital Marketing,263.0,262.0,254.0,Points decrease,1.0,9.0,8.0
LC223,Law and Taxation,331.0,307.0,308.0,Points decrease,24.0,23.0,-1.0
LC224,Accounting and Finance,300.0,300.0,299.0,Points decrease,0.0,1.0,1.0
LC225,Marketing and Management,298.0,298.0,298.0,Points decrease,0.0,0.0,0.0
LC226,Enterprise and Innovation,255.0,234.0,216.0,Points decrease,21.0,39.0,18.0
LC233,Software Development,280.0,272.0,300.0,Points decrease,8.0,-20.0,-28.0
LC234,Immersive Digital Media and Spatial Computing,226.0,225.0,219.0,Points decrease,1.0,7.0,6.0
LC236,Internet Systems Development,260.0,262.0,298.0,Points decrease,-2.0,-38.0,-36.0
LC239,Computer Networks and Systems Management,317.0,307.0,335.0,Points decrease,10.0,-18.0,-28.0
LC241,Construction Management,326.0,255.0,276.0,Points decrease,71.0,50.0,-21.0
LC242,Property Valuation and Management,308.0,282.0,292.0,Points decrease,26.0,16.0,-10.0
LC243,Quantity Surveying,278.0,294.0,281.0,Points decrease,-16.0,-3.0,13.0
LC248,Built Environment (Common Entry),300.0,288.0,307.0,Points decrease,12.0,-7.0,-19.0
LC252,Civil Engineering Management,264.0,270.0,281.0,Points decrease,-6.0,-17.0,-11.0
LC263,Medical Technology,391.0,294.0,282.0,Points decrease,97.0,109.0,12.0
LC265,Forensic and Pharmaceutical Sciences,498.0,413.0,335.0,Points decrease,85.0,163.0,78.0
LC266,Drug and Medicinal Product Analysis,252.0,262.0,236.0,Points decrease,-10.0,16.0,26.0
LC275,Electrical Engineering,361.0,298.0,288.0,Points decrease,63.0,73.0,10.0
LC288,Mechanical Engineering,378.0,347.0,307.0,Points decrease,31.0,71.0,40.0
LC289,Precision Engineering,261.0,291.0,280.0,Points decrease,-30.0,-19.0,11.0
LC292,Social Care Work,374.0,367.0,360.0,Points decrease,7.0,14.0,7.0
LC293,Business Studies with Travel and Tourism Managemen,271.0,307.0,299.0,Points decrease,-36.0,-28.0,8.0
LC294,Business Studies with Event Management,279.0,279.0,271.0,Points decrease,0.0,8.0,8.0
LC295,Business Studies with Sports Management,262.0,252.0,263.0,Points decrease,10.0,-1.0,-11.0
LC297,Community and Addiction Studies,272.0,235.0,217.0,Points decrease,37.0,55.0,18.0
LC320,Business,381.0,346.0,337.0,Points decrease,35.0,44.0,9.0
LC330,Business with Computing,328.0,297.0,298.0,Points decrease,31.0,30.0,-1.0
LC340,Interior Design,391.0,350.0,298.0,Points decrease,41.0,93.0,52.0
LC362,Biotechnology and Biopharmaceutical Sciences,429.0,413.0,379.0,Points decrease,16.0,50.0,34.0
LC371,Creative Broadcast and Film Production,325.0,309.0,298.0,Points decrease,16.0,27.0,11.0
LC372,Music Technology and Production,377.0,325.0,321.0,Points decrease,52.0,56.0,4.0
LC374,Renewable and Electrical Energy Engineering,337.0,318.0,317.0,Points decrease,19.0,20.0,1.0
LC375,Industrial Automation and Robotic Systems,309.0,317.0,321.0,Points decrease,-8.0,-12.0,-4.0
LC376,Electronic Engineering with Computer Systems,357.0,318.0,308.0,Points decrease,39.0,49.0,10.0
LC380,Automotive Engineering and Transport Management,298.0,303.0,282.0,Points decrease,-5.0,16.0,21.0
LC392,Business Studies in Beauty and Spa Management,328.0,236.0,217.0,Points decrease,92.0,111.0,19.0
LC393,Early Childhood Education and Care,309.0,236.0,260.0,Points decrease,73.0,49.0,-24.0
LC402,Social Care Work,228.0,225.0,209.0,Points decrease,3.0,19.0,16.0
LC408,Environmental Science and Climate,279.0,279.0,262.0,Points decrease,0.0,17.0,17.0
LC416,Business,260.0,274.0,,Points decrease,-14.0,,
LC418,Computing - Games Design and Development,260.0,270.0,271.0,Points decrease,-10.0,-11.0,-1.0
LC422,Applied Strength and Conditioning,289.0,298.0,288.0,Points decrease,-9.0,1.0,10.0
LC502,Game Art and Design (portfolio),841.0,852.0,838.0,Points decrease,-11.0,3.0,14.0
LC517,Creative Media and Design,279.0,234.0,229.0,Points decrease,45.0,50.0,5.0
LC518,Digital Animation Production (portfolio),807.0,808.0,816.0,Points decrease,-1.0,-9.0,-8.0
LC612,Social Care Work,309.0,320.0,319.0,Points decrease,-11.0,-10.0,1.0
LM002,Arts,360.0,348.0,329.0,Points decrease,12.0,31.0,19.0
LM019,Social Sciences,451.0,,,Points decrease,,,
LM020,Law and Accounting,474.0,465.0,436.0,Points decrease,9.0,38.0,29.0
LM026,Performing Arts (audition format TBC),329.0,303.0,307.0,Points decrease,26.0,22.0,-4.0
LM028,Criminal Justice,420.0,418.0,387.0,Points decrease,2.0,33.0,31.0
LM029,Law Plus,530.0,490.0,473.0,Points decrease,40.0,57.0,17.0
LM038,Psychology and Sociology,530.0,500.0,478.0,Points decrease,30.0,52.0,22.0
LM039,Journalism and Digital Communication,432.0,402.0,388.0,Points decrease,30.0,44.0,14.0
LM040,European Studies,409.0,369.0,350.0,Points decrease,40.0,59.0,19.0
LM044,Applied Languages,429.0,442.0,404.0,Points decrease,-13.0,25.0,38.0
LM050,Business Studies (options),451.0,431.0,419.0,Points decrease,20.0,32.0,12.0
LM056,International Business,555.0,528.0,511.0,Points decrease,27.0,44.0,17.0
LM058,Financial Mathematics,468.0,403.0,434.0,Points decrease,65.0,34.0,-31.0
LM063,Technology Management,410.0,379.0,372.0,Points decrease,31.0,38.0,7.0
LM066,Environmental Science,430.0,,,Points decrease,,,
LM068,Food Science and Health,464.0,421.0,400.0,Points decrease,43.0,64.0,21.0
LM076,Product Design and Technology (portfolio required),401.0,408.0,402.0,Points decrease,-7.0,-1.0,6.0
LM077,Aeronautical Engineering,567.0,520.0,469.0,Points decrease,47.0,98.0,51.0
LM082,Construction Management and Engineering,446.0,398.0,368.0,Points decrease,48.0,78.0,30.0
LM089,Sport and Exercise Sciences,498.0,474.0,441.0,Points decrease,24.0,57.0,33.0
LM090,Physical Education with concurrent Teacher Educati,552.0,532.0,498.0,Points decrease,20.0,54.0,34.0
LM091,Languages with concurrent Teacher Education,506.0,517.0,,Points decrease,-11.0,,
LM092,Science with Teacher Ed (Biology with Physics/Chem,521.0,507.0,478.0,Points decrease,14.0,43.0,29.0
LM093,Equine Science,367.0,339.0,338.0,Points decrease,28.0,29.0,1.0
LM094,Materials and Architectural Technology with concur,475.0,440.0,405.0,Points decrease,35.0,70.0,35.0
LM095,Materials and Engineering Technology with concurre,425.0,367.0,358.0,Points decrease,58.0,67.0,9.0
LM096,Science with Teacher Ed (Physical Sciences with Ch,454.0,405.0,382.0,Points decrease,49.0,72.0,23.0
LM097,Mathematics and Computer Science with concurrent T,465.0,402.0,,Points decrease,63.0,,
LM099,Architecture,520.0,498.0,419.0,Points decrease,22.0,101.0,79.0
LM100,Physiotherapy,613.0,589.0,565.0,Points decrease,24.0,48.0,24.0
LM101,Medicine  - Graduate Entry (GAMSAT required),57.0,55.0,55.0,Points decrease,2.0,2.0,0.0
LM102,Psychology,534.0,509.0,495.0,Points decrease,25.0,39.0,14.0
LM103,Paramedic Studies (Full B/Provisional C1 Drivers L,429.0,392.0,313.0,Points decrease,37.0,116.0,79.0
LM105,Exercise and Health Fitness Management,441.0,,,Points decrease,,,
LM115,Chemical and Biochemical Engineering,476.0,454.0,456.0,Points decrease,22.0,20.0,-2.0
LM116,Engineering (Biomedical/Civil/Design and Manufactu,498.0,476.0,434.0,Points decrease,22.0,64.0,42.0
LM118,Electronic and Computer Engineering,445.0,403.0,401.0,Points decrease,42.0,44.0,2.0
LM121,Computer Science (Computer Systems/Games Dev/Cyber,402.0,351.0,352.0,Points decrease,51.0,50.0,-1.0
LM122,Creative Media and Interaction Design (Digital Des,382.0,327.0,330.0,Points decrease,55.0,52.0,-3.0
LM123,Biological and Chemical Sc. (Biosci/Envir Sci/Ind,498.0,441.0,412.0,Points decrease,57.0,86.0,29.0
LM124,Mathematics (Math Science/Maths and Physics/Econom,455.0,437.0,427.0,Points decrease,18.0,28.0,10.0
LM125,Physics (Applied Physics or Mathematics and Physic,489.0,404.0,405.0,Points decrease,85.0,84.0,-1.0
LM150,General Nursing,498.0,475.0,440.0,Points decrease,23.0,58.0,35.0
LM152,Mental Health Nursing,478.0,419.0,388.0,Points decrease,59.0,90.0,31.0
LM154,Intellectual Disability Nursing,462.0,420.0,381.0,Points decrease,42.0,81.0,39.0
LM156,Midwifery,521.0,469.0,429.0,Points decrease,52.0,92.0,40.0
MU001,Theology and Arts,294.0,290.0,290.0,Points decrease,4.0,4.0,0.0
MU002,Theology,,440.0,292.0,Points decrease,,,148.0
MH001,Education - Primary Teaching (Froebel),564.0,507.0,496.0,Points decrease,57.0,68.0,11.0
MH002,Education - Primary Teaching - Gaeltacht Applicant,,,441.0,Points decrease,,,
MH003,Early Childhood - Teaching and Learning (full-time,381.0,,,Points decrease,,,
MH101,Arts,338.0,318.0,316.0,Points decrease,20.0,22.0,2.0
MH103,Music,,,,Points decrease,,,
MH106,Psychology - 3 years,554.0,521.0,495.0,Points decrease,33.0,59.0,26.0
MH107,Social Science,390.0,346.0,326.0,Points decrease,44.0,64.0,20.0
MH109,Media Studies,324.0,316.0,317.0,Points decrease,8.0,7.0,-1.0
MH116,Community and Youth Work (Full-Time),,,,Points decrease,,,
MH201,Science,401.0,360.0,350.0,Points decrease,41.0,51.0,10.0
MH202,Biotechnology,490.0,455.0,429.0,Points decrease,35.0,61.0,26.0
MH203,Biological and Geographical Sciences,451.0,430.0,,Points decrease,21.0,,
MH204,Physics with Astrophysics,422.0,422.0,420.0,Points decrease,0.0,2.0,2.0
MH206,Theoretical Physics and Mathematics,521.0,510.0,498.0,Points decrease,11.0,23.0,12.0
MH207,Data Science,444.0,445.0,434.0,Points decrease,-1.0,10.0,11.0
MH208,Biological and Biomedical Sciences,543.0,498.0,451.0,Points decrease,45.0,92.0,47.0
MH209,Psychology (through Science) - 4 years,529.0,498.0,473.0,Points decrease,31.0,56.0,25.0
MH210,Pharmaceutical and Biomedical Chemistry,510.0,487.0,446.0,Points decrease,23.0,64.0,41.0
MH212,Science|Maths and Computer Science|Mathematics (wi,452.0,422.0,444.0,Points decrease,30.0,8.0,-22.0
MH304,Engineering (Computer/Electronic/Communications),351.0,333.0,371.0,Points decrease,18.0,-20.0,-38.0
MH305,Product Design,326.0,357.0,358.0,Points decrease,-31.0,-32.0,-1.0
MH306,Robotics and Intelligent Devices,362.0,361.0,361.0,Points decrease,1.0,1.0,0.0
MH401,Finance (options),370.0,357.0,352.0,Points decrease,13.0,18.0,5.0
MH402,Quantitative Finance,476.0,476.0,476.0,Points decrease,0.0,0.0,0.0
MH403,Accounting and Finance,424.0,422.0,402.0,Points decrease,2.0,22.0,20.0
MH404,Business (options),441.0,430.0,400.0,Points decrease,11.0,41.0,30.0
MH407,Business and Accounting,423.0,420.0,401.0,Points decrease,3.0,22.0,19.0
MH411,Entrepreneurship,378.0,371.0,358.0,Points decrease,7.0,20.0,13.0
MH501,LLB Law - four year Single Major Law programme,507.0,473.0,451.0,Points decrease,34.0,56.0,22.0
MH502,Law (options),465.0,451.0,410.0,Points decrease,14.0,55.0,41.0
MH601,Computer Science through Arts (options),381.0,352.0,342.0,Points decrease,29.0,39.0,10.0
MH602,Computer Science through Science (options),400.0,351.0,357.0,Points decrease,49.0,43.0,-6.0
MH603,Computational Thinking,520.0,532.0,520.0,Points decrease,-12.0,0.0,12.0
MH801,Early Childhood - Teaching and Learning (part-time,,327.0,347.0,Points decrease,,,-20.0
MH802,Community and Youth Work (part-time  in service),,,,Points decrease,,,
MH803,Local Studies/Community Studies (part-time  evenin,,,,Points decrease,,,
AS001,Education  Home Economics and Biology - with concu,542.0,510.0,456.0,Points decrease,32.0,86.0,54.0
AS002,Education  Home Economics and Religious Ed - with,464.0,441.0,400.0,Points decrease,23.0,64.0,41.0
AS003,Education  Home Economics and Irish - with concurr,463.0,440.0,421.0,Points decrease,23.0,42.0,19.0
AS051,Nutrition  Food and Business Management,378.0,328.0,337.0,Points decrease,50.0,41.0,-9.0
AS054,Home Economics,440.0,408.0,387.0,Points decrease,32.0,53.0,21.0
AS110,General Nursing,440.0,419.0,391.0,Points decrease,21.0,49.0,28.0
AS130,Intellectual Disability Nursing,387.0,336.0,317.0,Points decrease,51.0,70.0,19.0
SG141,Business,262.0,261.0,252.0,Points decrease,1.0,10.0,9.0
SG145,Business and ICT,279.0,,,Points decrease,,,
SG146,Accounting,304.0,309.0,307.0,Points decrease,-5.0,-3.0,2.0
SG147,Sport with Business,288.0,307.0,269.0,Points decrease,-19.0,19.0,38.0
SG148,Tourism with Event Management,298.0,269.0,246.0,Points decrease,29.0,52.0,23.0
SG150,Business in Marketing,298.0,,,Points decrease,,,
SG241,Performing Arts,341.0,328.0,279.0,Points decrease,13.0,62.0,49.0
SG242,Early Childhood Care and Education,287.0,279.0,278.0,Points decrease,8.0,9.0,1.0
SG243,Social Care Practice,309.0,301.0,297.0,Points decrease,8.0,12.0,4.0
SG244,Fine Art,501.0,505.0,355.0,Points decrease,-4.0,146.0,150.0
SG245,Creative Design,332.0,282.0,261.0,Points decrease,50.0,71.0,21.0
SG246,Computing,316.0,290.0,295.0,Points decrease,26.0,21.0,-5.0
SG247,English and Psychology,319.0,309.0,308.0,Points decrease,10.0,11.0,1.0
SG248,Sociology and Politics,298.0,281.0,282.0,Points decrease,17.0,16.0,-1.0
SG249,Writing and Literature,308.0,297.0,279.0,Points decrease,11.0,29.0,18.0
SG252,Software Development,310.0,307.0,300.0,Points decrease,3.0,10.0,7.0
SG253,Computing in Computer Networks and Cyber Security,336.0,324.0,273.0,Points decrease,12.0,63.0,51.0
SG254,Writing and Literature Online,327.0,225.0,,Points decrease,102.0,,
SG255,Law and Business,291.0,,,Points decrease,,,
SG341,General Engineering,373.0,,,Points decrease,,,
SG342,Civil Engineering,418.0,415.0,,Points decrease,3.0,,
SG343,Quantity Surveying,300.0,311.0,261.0,Points decrease,-11.0,39.0,50.0
SG344,Mechanical Engineering,412.0,,,Points decrease,,,
SG346,Construction Project Management and Applied Techno,313.0,291.0,289.0,Points decrease,22.0,24.0,2.0
SG347,Architecture,403.0,360.0,309.0,Points decrease,43.0,94.0,51.0
SG348,Interior Architecture and Design,359.0,316.0,,Points decrease,43.0,,
SG349,Electronics and Self Driving Technologies,,,,Points decrease,,,
SG350,Robotics and Automation,384.0,,,Points decrease,,,
SG442,Occupational Safety and Health,307.0,290.0,289.0,Points decrease,17.0,18.0,1.0
SG443,Human Nutrition,376.0,356.0,357.0,Points decrease,20.0,19.0,-1.0
SG444,Science Undenominated,358.0,338.0,308.0,Points decrease,20.0,50.0,30.0
SG445,Pharmaceutical Science with Drug Development,357.0,311.0,347.0,Points decrease,46.0,10.0,-36.0
SG447,Health Science and Physical Activity,326.0,328.0,316.0,Points decrease,-2.0,10.0,12.0
SG448,Forensic Investigation and Analysis,308.0,306.0,306.0,Points decrease,2.0,2.0,0.0
SG449,Medical Biotechnology,315.0,341.0,329.0,Points decrease,-26.0,-14.0,12.0
SG450,Environmental Science with Ecology (Level 8),310.0,300.0,,Points decrease,10.0,,
TL801,Animation  Visual Effects and Motion Design (Level,718.0,281.0,281.0,Points decrease,437.0,437.0,0.0
TL802,TV  Radio and New Media (Level 8),322.0,325.0,306.0,Points decrease,-3.0,16.0,19.0
TL810,Computing with Software Development,308.0,310.0,309.0,Points decrease,-2.0,-1.0,1.0
TL811,Computing with Games Development,322.0,358.0,310.0,Points decrease,-36.0,12.0,48.0
TL815,Computing (Degree Award options),307.0,308.0,308.0,Points decrease,-1.0,-1.0,0.0
TL823,Event Management (3 year programme),293.0,299.0,291.0,Points decrease,-6.0,2.0,8.0
TL831,Business Studies (Major Specialism in: Acctng or M,306.0,306.0,307.0,Points decrease,0.0,-1.0,-1.0
TL842,Construction Management,,,,Points decrease,,,
TL844,Agricultural Engineering,301.0,300.0,311.0,Points decrease,1.0,-10.0,-11.0
TL845,Civil Engineering,361.0,325.0,300.0,Points decrease,36.0,61.0,25.0
TL847,Manufacturing Engineering,305.0,302.0,,Points decrease,3.0,,
TL848,Agricultural Science,307.0,308.0,331.0,Points decrease,-1.0,-24.0,-23.0
TL851,Wildlife Biology (Degree Award options),309.0,309.0,310.0,Points decrease,0.0,-1.0,-1.0
TL855,Pharmaceutical Science (Degree Award options),316.0,317.0,342.0,Points decrease,-1.0,-26.0,-25.0
TL858,Veterinary Bioscience,317.0,308.0,326.0,Points decrease,9.0,-9.0,-18.0
TL871,Health and Leisure (Degree Award options),303.0,300.0,303.0,Points decrease,3.0,0.0,-3.0
TL872,Health and Leisure with Massage,314.0,309.0,288.0,Points decrease,5.0,26.0,21.0
TL873,Coaching and Sports Performance,308.0,289.0,282.0,Points decrease,19.0,26.0,7.0
TL874,Inclusive Sport and Physical Activity,341.0,,,Points decrease,,,
TL880,Early Childhood Care and Education,309.0,307.0,307.0,Points decrease,2.0,2.0,0.0
TL881,Social Care,301.0,308.0,308.0,Points decrease,-7.0,-7.0,0.0
TL889,Counselling with Addiction - Mature applicants onl,,,,Points decrease,,,
TL890,General Nursing and Mature Applicants,463.0,440.0,407.0,Points decrease,23.0,56.0,33.0
TL891,Mental Health Nursing and Mature Applicants,440.0,389.0,367.0,Points decrease,51.0,73.0,22.0
WD001,Applied Computing (options),270.0,260.0,279.0,Points decrease,10.0,-9.0,-19.0
WD002,Science (options),279.0,308.0,302.0,Points decrease,-29.0,-23.0,6.0
WD005,Health Sciences (options),271.0,280.0,288.0,Points decrease,-9.0,-17.0,-8.0
WD006,Exercise Sciences (options),270.0,280.0,282.0,Points decrease,-10.0,-12.0,-2.0
WD007,Engineering (options),270.0,288.0,287.0,Points decrease,-18.0,-17.0,1.0
WD025,Construction Management and Engineering,262.0,269.0,269.0,Points decrease,-7.0,-7.0,0.0
WD027,Music,321.0,262.0,290.0,Points decrease,59.0,31.0,-28.0
WD048,Business (options),279.0,271.0,278.0,Points decrease,8.0,1.0,-7.0
WD084,Accounting,308.0,308.0,307.0,Points decrease,0.0,1.0,1.0
WD091,Hospitality Management,225.0,228.0,210.0,Points decrease,-3.0,15.0,18.0
WD116,General Nursing,446.0,422.0,413.0,Points decrease,24.0,33.0,9.0
WD117,Psychiatric Nursing,415.0,366.0,361.0,Points decrease,49.0,54.0,5.0
WD120,Intellectual Disability Nursing,390.0,377.0,338.0,Points decrease,13.0,52.0,39.0
WD134,International Business,267.0,290.0,289.0,Points decrease,-23.0,-22.0,1.0
WD137,Design (Visual Communications),252.0,271.0,253.0,Points decrease,-19.0,-1.0,18.0
WD140,Laws,280.0,280.0,290.0,Points decrease,0.0,-10.0,-10.0
WD144,Architecture,309.0,284.0,283.0,Points decrease,25.0,26.0,1.0
WD147,Pharmaceutical Science,288.0,293.0,298.0,Points decrease,-5.0,-10.0,-5.0
WD150,Criminal Justice Studies,280.0,270.0,271.0,Points decrease,10.0,9.0,-1.0
WD152,Visual Art,243.0,,253.0,Points decrease,,-10.0,
WD161,Computer Forensics and Security,270.0,255.0,262.0,Points decrease,15.0,8.0,-7.0
WD162,Quantity Surveying,226.0,216.0,260.0,Points decrease,10.0,-34.0,-44.0
WD163,Psychology,456.0,434.0,390.0,Points decrease,22.0,66.0,44.0
WD186,Sports Coaching and Performance,261.0,270.0,276.0,Points decrease,-9.0,-15.0,-6.0
WD187,Social Science,276.0,272.0,271.0,Points decrease,4.0,5.0,1.0
WD191,Agricultural Science,377.0,377.0,378.0,Points decrease,0.0,-1.0,-1.0
WD192,Social Care Practice,271.0,270.0,279.0,Points decrease,1.0,-8.0,-9.0
WD193,Marketing and Digital Media,279.0,271.0,290.0,Points decrease,8.0,-11.0,-19.0
WD194,Culinary Arts,237.0,217.0,235.0,Points decrease,20.0,2.0,-18.0
WD195,Architectural and Building Information Modelling T,279.0,279.0,266.0,Points decrease,0.0,13.0,13.0
WD200,Arts (options),201.0,,221.0,Points decrease,,-20.0,
WD210,Software Systems Development,260.0,279.0,271.0,Points decrease,-19.0,-11.0,8.0
WD211,Creative Computing,270.0,271.0,275.0,Points decrease,-1.0,-5.0,-4.0
WD212,Recreation and Sport Management,262.0,270.0,274.0,Points decrease,-8.0,-12.0,-4.0
WD230,Mechanical and Manufacturing Engineering,230.0,253.0,273.0,Points decrease,-23.0,-43.0,-20.0
WD231,Early Childhood Care and Education,266.0,,,Points decrease,,,
WD232,Business Information Systems,261.0,,,Points decrease,,,
CR126,Popular Music: Drums at CIT Cork School of Music,,801.0,878.0,Points decrease,,,-77.0
CR127,Popular Music: Electric Guitar at CIT Cork School of Music,,838.0,584.0,Points decrease,,,254.0
CR128,Popular Music: Keyboards at CIT Cork School of Music,,840.0,839.0,Points decrease,,,1.0
CR129,Popular Music: Voice at CIT Cork School of Music,,841.0,857.0,Points decrease,,,-16.0
DB516,Financial Services,,,328.0,Points decrease,,,
DC201,Common Entry into Science (Undenominated Entry),,498.0,454.0,Points decrease,,,44.0
DC239,Gaeilge Iriseoireacht agus na Meáin Dhigiteacha,,430.0,,Points decrease,,,
DK860,Music (audition),,532.0,499.0,Points decrease,,,33.0
DL821,English Media and Cultural Studies,,212.0,211.0,Points decrease,,,1.0
DL828,3D Design Modelmaking and Digital Art,,506.0,691.0,Points decrease,,,-185.0
DL829,Design for Stage and Screen (Costume Design),,593.0,817.0,Points decrease,,,-224.0
DL830,Design for Stage and Screen (Character Makeup Design),,939.0,879.0,Points decrease,,,60.0
DL831,Design for Stage and Screen (Production Design),,781.0,893.0,Points decrease,,,-112.0
DL834,Film and Television Production,,990.0,933.0,Points decrease,,,57.0
DN252,Dairy Business,,410.0,398.0,Points decrease,,,12.0
DN253,Agri - Environmental Sciences,,418.0,403.0,Points decrease,,,15.0
DN271,Forestry,,311.0,303.0,Points decrease,,,8.0
DN272,Horticulture Landscape and Sportsturf Management,,297.0,252.0,Points decrease,,,45.0
GC250,Communications and Media Production,,,,Points decrease,,,
GC305,International Hospitality Management,,253.0,327.0,Points decrease,,,-74.0
GY107,Na Dána (Gaeilge agus Léann an Aistriúcháin),,409.0,330.0,Points decrease,,,79.0
GY112,Arts with Film Studies,,321.0,338.0,Points decrease,,,-17.0
GY120,Arts (Child Youth and Family: Policy and Practice),,350.0,309.0,Points decrease,,,41.0
GY121,Arts (Children`s Studies),,356.0,356.0,Points decrease,,,0.0
GY124,Arts (Arts with Data Science),,454.0,434.0,Points decrease,,,20.0
GY126,Arts (English and Media Studies),,391.0,418.0,Points decrease,,,-27.0
GY131,Arts (History and Globalisation Studies),,360.0,340.0,Points decrease,,,20.0
LC401,Early Childhood Education and Care,,297.0,298.0,Points decrease,,,-1.0
LC414,Data Analytics and Cyber Security,,236.0,,Points decrease,,,
LC434,Environmental Science and Agriculture,,297.0,278.0,Points decrease,,,19.0
LC613,Early Childhood Education and Care,,242.0,346.0,Points decrease,,,-104.0
MH405,Equine Business,,357.0,357.0,Points decrease,,,0.0
SG142,Business in International Marketing and Languages (French),,279.0,270.0,Points decrease,,,9.0
SG144,Business in International Marketing and Languages (Spanish),,270.0,280.0,Points decrease,,,-10.0
SG250,Application Design and User Experience,,412.0,290.0,Points decrease,,,122.0
SG251,Computing (Smart Technologies),,327.0,303.0,Points decrease,,,24.0
TR012,History and Political Science,,555.0,532.0,Points decrease,,,23.0
TR017,Law and Business,,602.0,576.0,Points decrease,,,26.0
TR020,Law and Political Science,,602.0,567.0,Points decrease,,,35.0
TR029,Political Science and Geography,,526.0,477.0,Points decrease,,,49.0
TR082,Computer Science and Business,,555.0,510.0,Points decrease,,,45.0
TR083,Sociology and Social Policy,,498.0,451.0,Points decrease,,,47.0
TR111,Ancient History and Archaeology/Geography,,352.0,,Points decrease,,,
TR112,Ancient History and Archaeology/History,,529.0,,Points decrease,,,
TR113,Ancient History and Archaeology/History of Art and Architecture,,337.0,,Points decrease,,,
TR114,Ancient History and Archaeology/Modern Language,,337.0,,Points decrease,,,
TR117,Ancient History and Archaeology/Religion,,342.0,,Points decrease,,,
TR166,Classical Civilisation/English Literature,,498.0,,Points decrease,,,
TR173,Classical Civilisation/History of Art and Architecture,,335.0,,Points decrease,,,
TR177,Classical Civilisation/Modern Language,,335.0,,Points decrease,,,
TR179,Classical Civilisation/Philosophy,,499.0,,Points decrease,,,
TR198,Economics/Geography,,534.0,,Points decrease,,,
TR202,Economics/History,,534.0,,Points decrease,,,
TR207,Economics/Mathematics,,566.0,,Points decrease,,,
TR208,Economics/Modern Language,,534.0,,Points decrease,,,
TR209,Economics/Philosophy,,534.0,,Points decrease,,,
TR212,Economics/Sociology,,534.0,,Points decrease,,,
TR228,Classical Languages/English Literature,,498.0,,Points decrease,,,
TR231,Classical Languages/History of Art and Architecture,,349.0,,Points decrease,,,
TR233,Classical Languages/Middle EasternJewish and Islamic Civilisations,,349.0,,Points decrease,,,
TR239,Classical Languages/Modern Language,,349.0,,Points decrease,,,
TR262,English Literature/History,,529.0,,Points decrease,,,
TR263,English Literature/History of Art and Architecture,,498.0,,Points decrease,,,
TR269,English Literature/Philosophy,,499.0,,Points decrease,,,
TR272,English Literature/Sociology,,498.0,,Points decrease,,,
TR276,English Literature/Drama Studies,,498.0,,Points decrease,,,
TR277,English Literature/Modern Language,,498.0,,Points decrease,,,
TR311,Film/Drama Studies,,521.0,,Points decrease,,,
TR312,Film/English Literature,,521.0,,Points decrease,,,
TR320,Film/Music,,521.0,,Points decrease,,,
TR322,Geography/History,,529.0,,Points decrease,,,
TR323,Drama Studies/Modern Language,,473.0,,Points decrease,,,
TR324,Film/Modern Language,,521.0,,Points decrease,,,
TR325,Film/History,,529.0,,Points decrease,,,
TR326,Geography/Modern Language,,352.0,,Points decrease,,,
TR332,Geography/Sociology,,498.0,,Points decrease,,,
TR443,History/History of Art and Architecture,,529.0,,Points decrease,,,
TR447,History/Modern Language,,529.0,,Points decrease,,,
TR449,History/Philosophy,,529.0,,Points decrease,,,
TR452,History/Sociology,,529.0,,Points decrease,,,
TR454,History/Religion,,529.0,,Points decrease,,,
TR455,History of Art and Architecture/Modern Language,,334.0,,Points decrease,,,
TR479,History of Art and Architecture/Philosophy,,499.0,,Points decrease,,,
TR547,Middle EasternJewish and Islamic Civ./Ancient History and Archaeology,,337.0,,Points decrease,,,
TR548,Middle EasternJewish and Islamic Civilisations/Classical Civilisation,,335.0,,Points decrease,,,
TR554,Middle EasternJewish and Islamic Civilisations/History,,529.0,,Points decrease,,,
TR563,Middle EasternJewish and Islamic Civilisations/Modern Language,,335.0,,Points decrease,,,
TR564,Middle EasternJewish and Islamic Civilisations/Music,,,,Points decrease,,,
TR565,Middle EasternJewish and Islamic Civilisations/Religion,,342.0,,Points decrease,,,
TR597,Mathematics/Modern Language,,566.0,,Points decrease,,,
TR598,Mathematics/Music,,566.0,,Points decrease,,,
TR599,Mathematics/Philosophy,,566.0,,Points decrease,,,
TR629,Music/Philosophy,,499.0,,Points decrease,,,
TR635,Music/Drama Studies,,473.0,,Points decrease,,,
TR636,Music/Modern Language,,388.0,,Points decrease,,,
TR638,Music/Religion,,388.0,,Points decrease,,,
TR639,Philosophy/Modern Language,,499.0,,Points decrease,,,
TR662,Philosophy/Sociology,,499.0,,Points decrease,,,
TR663,Religion/Classical Civilisation,,342.0,,Points decrease,,,
TR664,Religion/English Literature,,498.0,,Points decrease,,,
TR665,Religion/History of Art and Architecture,,342.0,,Points decrease,,,
TR666,Religion/Modern Language,,,,Points decrease,,,
TR667,French/Modern Language,,403.0,,Points decrease,,,
TR668,German/Modern Language,,389.0,,Points decrease,,,
TR669,Irish/Modern Language,,368.0,,Points decrease,,,
TR670,Italian/Modern Language,,381.0,,Points decrease,,,
TR671,Russian/Modern Language,,332.0,,Points decrease,,,
TR672,Spanish/Modern Language,,336.0,,Points decrease,,,
TR755,Sociology/Drama Studies,,498.0,,Points decrease,,,
TR756,Sociology/Modern Language,,498.0,,Points decrease,,,
TU803,Electronic Engineering,,243.0,,Points decrease,,,
TU806,Sustainable Energy Engineering,,262.0,,Points decrease,,,
TU808,Engineering Software,,260.0,,Points decrease,,,
TU809,Mechanical Engineering,,235.0,,Points decrease,,,
TU813,Automation Engineering,,218.0,,Points decrease,,,
TU873,Industrial Mathematics,,250.0,,Points decrease,,,
TU901,Business,,270.0,,Points decrease,,,
TU908,Management,,262.0,,Points decrease,,,
TU909,Accounting and Finance,,285.0,,Points decrease,,,
TU911,Accounting and Finance,,209.0,,Points decrease,,,
TU913,Business and Information Technology,,252.0,,Points decrease,,,
TU915,International Business,,252.0,,Points decrease,,,
TU916,International Business,,235.0,,Points decrease,,,
TU923,Marketing Management,,228.0,,Points decrease,,,
TU966,Languages and English Studies,,366.0,,Points decrease,,,
TU971,Contemporary Visual Culture,,290.0,,Points decrease,,,
TU972,Creative and Cultural Industries,,281.0,,Points decrease,,,
TU986,Print Media Technology and Management,,289.0,,Points decrease,,,
TU993,Early Childhood Care and Education,,270.0,,Points decrease,,,
TU994,Early Childhood Care and Education,,321.0,,Points decrease,,,
WD149,Early Childhood Studies,,271.0,288.0,Points decrease,,,-17.0
AL853,Accounting and Law,,,305.0,Points decrease,,,
CW178,Sport Science (options),,,399.0,Points decrease,,,
CK116,Sports Studies and Physical Education,,,499.0,Points decrease,,,
CK502,Food Marketing and Entrepreneurship,,,433.0,Points decrease,,,
CK506,International Development and Food Policy,,,367.0,Points decrease,,,
DC005,Education - Primary Teaching - Irish Sign Language,,,316.0,Points decrease,,,
DC167,Physics with Astronomy,,,434.0,Points decrease,,,
DC171,Applied Physics,,,402.0,Points decrease,,,
DC173,Physics with Biomedical Sciences,,,402.0,Points decrease,,,
DT001,Product Design,,,433.0,Points decrease,,,
DT028,Transport Operations and Technology,,,279.0,Points decrease,,,
DT035,Electrical Services and Energy Management,,,293.0,Points decrease,,,
DT066,Engineering (General Entry),,,400.0,Points decrease,,,
DT101,Architecture (test and interview),,,618.0,Points decrease,,,
DT106,Planning and Environmental Management,,,312.0,Points decrease,,,
DT110,Property Economics (Valuation Surveying),,,367.0,Points decrease,,,
DT111,Quantity Surveying and Construction Economics,,,391.0,Points decrease,,,
DT112,Geographic Science,,,287.0,Points decrease,,,
DT117,Construction Management,,,356.0,Points decrease,,,
DT175,Architectural Technology,,,388.0,Points decrease,,,
DT201,Science (General Entry),,,464.0,Points decrease,,,
DT203,Analytical Chemistry (Environmental Forensic and Pharmaceutical),,,341.0,Points decrease,,,
DT204,Biomedical Science,,,501.0,Points decrease,,,
DT205,Mathematical Sciences,,,315.0,Points decrease,,,
DT206,Biomedical and Molecular Diagnostics,,,473.0,Points decrease,,,
DT211,Computer Science (Infrastructure),,,381.0,Points decrease,,,
DT220,Industrial Mathematics,,,300.0,Points decrease,,,
DT221,Physics with Energy and Environment,,,348.0,Points decrease,,,
DT222,Physics Technology,,,321.0,Points decrease,,,
DT223,Human Nutrition and Dietetics,,,553.0,Points decrease,,,
DT224,Optometry,,,487.0,Points decrease,,,
DT225,Public Health Nutrition,,,440.0,Points decrease,,,
DT227,Science with Nanotechnology,,,312.0,Points decrease,,,
DT228,Computer Science,,,451.0,Points decrease,,,
DT229,Clinical Measurement Science,,,491.0,Points decrease,,,
DT235,Physics with Medical Physics and Bioengineering,,,357.0,Points decrease,,,
DT282,Computer Science (International),,,377.0,Points decrease,,,
DT299,Chemical Sciences with Medicinal Chemistry,,,420.0,Points decrease,,,
DT302,Business Analytics,,,325.0,Points decrease,,,
DT304,E-Commerce in Retailing,,,341.0,Points decrease,,,
DT321,Business and Law,,,462.0,Points decrease,,,
DT341,Marketing,,,400.0,Points decrease,,,
DT343,Retail and Services Management,,,301.0,Points decrease,,,
DT354,Business Computing,,,322.0,Points decrease,,,
DT358,Logistics and Supply Chain Management,,,300.0,Points decrease,,,
DT365,Business and Management,,,440.0,Points decrease,,,
DT366,Accounting and Finance,,,432.0,Points decrease,,,
DT398,Human Resource Management,,,375.0,Points decrease,,,
DT399,Economics and Finance,,,437.0,Points decrease,,,
DT401,International Hospitality Management,,,300.0,Points decrease,,,
DT405,Culinary Science,,,308.0,Points decrease,,,
DT407,Culinary Arts,,,271.0,Points decrease,,,
DT412,Tourism Marketing,,,284.0,Points decrease,,,
DT413,Event Management,,,356.0,Points decrease,,,
DT416,Culinary Entrepreneurship,,,275.0,Points decrease,,,
DT420,Nutraceuticals in Health and Nutrition,,,392.0,Points decrease,,,
DT421,Food Innovation,,,321.0,Points decrease,,,
DT422,Pharmaceutical Healthcare,,,397.0,Points decrease,,,
DT491,Environmental Health,,,343.0,Points decrease,,,
DT501,Music,,,383.0,Points decrease,,,
DT504,Film and Broadcasting,,,443.0,Points decrease,,,
DT506,Commercial Modern Music,,,468.0,Points decrease,,,
DT508,Game Design,,,403.0,Points decrease,,,
DT517,Languages and English Studies,,,326.0,Points decrease,,,
DT518,Languages and International Tourism,,,307.0,Points decrease,,,
DT529,Drama (Performance),,,371.0,Points decrease,,,
DT532,Law (LL.B.),,,422.0,Points decrease,,,
DT533,Contemporary Visual Culture,,,,Points decrease,,,
DT544,Interior Design,,,552.0,Points decrease,,,
DT545,Design - Visual Communication,,,667.0,Points decrease,,,
DT546,Fine Art,,,668.0,Points decrease,,,
DT555,International Business and Languages,,,353.0,Points decrease,,,
DT559,Photography,,,700.0,Points decrease,,,
DT571,Social Care,,,394.0,Points decrease,,,
DT572,Early Childhood Education,,,385.0,Points decrease,,,
DT582,Journalism,,,347.0,Points decrease,,,
DT596,Print Media Technology and Management,,,252.0,Points decrease,,,
DT597,Creative and Cultural Industries,,,280.0,Points decrease,,,
DL835,Creative Media Technologies,,,237.0,Points decrease,,,
GC405,International Hospitality Management (Dublin),,,254.0,Points decrease,,,
ID003,Business Studies with Chinese,,,,Points decrease,,,
BN101,Business,,,252.0,Points decrease,,,
BN103,Business and Information Technology,,,254.0,Points decrease,,,
BN104,Computing (Information Technology),,,260.0,Points decrease,,,
BN107,Applied Social Studies in Social Care,,,300.0,Points decrease,,,
BN108,Engineering (Common Entry with Award options),,,271.0,Points decrease,,,
BN109,Business (Common Entry with Award options),,,260.0,Points decrease,,,
BN110,International Business,,,253.0,Points decrease,,,
BN111,Sports Management and Coaching,,,270.0,Points decrease,,,
BN112,Creative Digital Media,,,280.0,Points decrease,,,
BN113,Horticulture,,,289.0,Points decrease,,,
BN114,Accounting and Finance,,,280.0,Points decrease,,,
BN115,Community and Youth Development,,,250.0,Points decrease,,,
BN117,Computer Engineering in Mobile Systems,,,273.0,Points decrease,,,
BN118,Early Childhood Care and Education,,,290.0,Points decrease,,,
BN119,Digital Marketing,,,270.0,Points decrease,,,
BN120,Digital Forensics and Cyber Security,,,281.0,Points decrease,,,
BN121,Mechatronic Engineering,,,276.0,Points decrease,,,
BN123,DesignTechnology and Innovation,,,297.0,Points decrease,,,
TA022,Creative Digital Media,,,260.0,Points decrease,,,
TA023,Advertising and Marketing Communications,,,235.0,Points decrease,,,
TA024,Early Childhood Care and Education,,,217.0,Points decrease,,,
TA025,Social Care Practice,,,261.0,Points decrease,,,
TA026,International Hospitality and Tourism Management,,,208.0,Points decrease,,,
TA027,Botanical Cuisine,,,236.0,Points decrease,,,
TA028,Digital Marketing Technologies,,,220.0,Points decrease,,,
TA121,Accounting and Finance,,,202.0,Points decrease,,,
TA122,Management,,,218.0,Points decrease,,,
TA123,Marketing Management,,,207.0,Points decrease,,,
TA125,International Business,,,229.0,Points decrease,,,
TA221,Electronic Engineering,,,251.0,Points decrease,,,
TA222,Mechanical Engineering,,,243.0,Points decrease,,,
TA223,Sustainable Energy Engineering,,,236.0,Points decrease,,,
TA224,Biomedical Design,,,218.0,Points decrease,,,
TA225,Automation Engineering,,,235.0,Points decrease,,,
TA226,Engineering Software,,,243.0,Points decrease,,,
TA321,Pharmaceutical Science,,,261.0,Points decrease,,,
TA322,Computing,,,200.0,Points decrease,,,
TA323,Computing with IT Management,,,243.0,Points decrease,,,
TA326,DNA and Forensic Analysis,,,300.0,Points decrease,,,
TA327,Sports Science and Health,,,341.0,Points decrease,,,
TA328,Computing with Language (French/German/Spanish),,,218.0,Points decrease,,,
TA329,Computing with Data Analytics,,,218.0,Points decrease,,,
NC025,Data Science,,,297.0,Points decrease,,,
GA385,Retail Management,,,219.0,Points decrease,,,
LY218,Business - with Spanish/Irish options,,,298.0,Points decrease,,,
CI101,Counselling and Psychotherapy (Limerick),,,276.0,Points decrease,,,
LC411,Marketing and Management (Thurles),,,226.0,Points decrease,,,
SG149,Business in Finance and Investment,,,262.0,Points decrease,,,
SG441,Environmental Science,,,297.0,Points decrease,,,
SG446,Applied Archaeology,,,289.0,Points decrease,,,
TL803,Music Technology,,,264.0,Points decrease,,,
TL812,Computing with Digital Media,,,369.0,Points decrease,,,
WD148,Tourism Marketing,,,269.0,Points decrease,,,
