code,title,points_r1_2021,points_r1_2020,points_r1_2019
AL801,Software Design for Virtual Reality and Gaming,300.0,303.0,304
AL802,Software Design in Artificial Intelligence for Clo,313.0,332.0,301
AL803,Software Design for Mobile Apps and Connected Devi,350.0,337.0,309
AL805,Computer Engineering for Network Infrastructure,321.0,333.0,329
AL810,Quantity Surveying,328.0,319.0,307
AL811,Civil Engineering,,320.0,
AL820,Mechanical and Polymer Engineering,327.0,308.0,300
AL830,General Nursing,451.0,442.0,410
AL832,Mental Health Nursing,440.0,387.0,387
AL835,Pharmacology,356.0,,
AL836,Nutrition and Health Science,346.0,334.0,352
AL837,Sports Science with Exercise Physiology,357.0,351.0,351
AL838,Biotechnology,324.0,307.0,302
AL839,Microbiology,325.0,325.0,322
AL840,Pharmaceutical Sciences,346.0,347.0,328
AL841,Athletic and Rehabilitation Therapy,477.0,430.0,423
AL842,Bioveterinary Science,338.0,313.0,310
AL843,Physical Activity and Health Science,306.0,306.0,310
AL849,Culinary Entrepreneurship,297.0,,
AL850,Business,309.0,309.0,307
AL851,Business and Law,302.0,295.0,301
AL852,Accounting,336.0,309.0,290
AL854,Sport Management (with international placement),300.0,302.0,
AL855,Hospitality Management (with international placeme,309.0,308.0,312
AL857,Digital Marketing,304.0,304.0,300
AL859,International Business,308.0,,
AL860,Social Care Practice,301.0,300.0,309
AL861,Animation and Illustration (portfolio),575.0,578.0,615
AL863,Graphic and Digital Design (portfolio),747.0,781.0,703
AL864,Early Years Care and Education,306.0,307.0,307
AL870,Applied Psychology,484.0,418.0,409
CW018,Business (options),307.0,298.0,327
CW028,Early Childhood Education and Care,260.0,252.0,252
CW038,Art (portfolio),700.0,700.0,700
CW058,Tourism and Event Management,292.0,298.0,252
CW068,Applied Social Studies in Professional Social Care,250.0,245.0,251
CW078,Sustainable Farm Management and Agribusiness,270.0,269.0,266
CW088,Visual Communications and Design,270.0,274.0,309
CW108,Science (options),266.0,261.0,261
CW128,Brewing and Distilling,307.0,263.0,271
CW138,Sport and Exercise Science,430.0,423.0,
CW148,Strength and Conditioning,388.0,379.0,
CW188,Sport Rehabilitation and Athletic Therapy,451.0,451.0,454
CW208,Computer Games Development,272.0,279.0,281
CW238,Software Development,295.0,297.0,300
CW248,Information Technology Management,293.0,285.0,307
CW258,Cybercrime and IT Security,292.0,293.0,300
CW268,Computing in Interactive Digital Art and Design,291.0,287.0,274
CW438,Construction (options),260.0,272.0,271
CW468,Architectural Technology,291.0,262.0,252
CW478,Civil Engineering,465.0,433.0,348
CW548,Mechanical Engineering,330.0,321.0,310
CW558,Electronic Systems,280.0,280.0,279
CW568,Aerospace Engineering,371.0,380.0,366
CW578,TV and Media Production,318.0,325.0,327
CW708,Law - LLB,292.0,302.0,298
CW728,Product Design Innovation,246.0,252.0,286
CW748,Early Childhood Education and Care,290.0,270.0,265
CW758,Professional Social Care Practice,360.0,336.0,290
CW808,Media and Public Relations,247.0,251.0,248
CW848,Digital Marketing with Analytics,269.0,254.0,279
CW858,Sports Management and Coaching (options  portfolio,700.0,700.0,700
CW908,Business (options),272.0,280.0,260
CW938,Business with Law,270.0,283.0,270
CW948,Accounting,319.0,300.0,301
PC405,Social  Political and Community Studies,263.0,253.0,251
PC410,Arts and Humanities (fulfils Teaching Council requ,262.0,252.0,203
PC411,English and History (fulfils Teaching Council requ,243.0,255.0,168
CR105,Chemical and Biopharmaceutical Engineering,443.0,443.0,432
CR106,Software Development,431.0,411.0,351
CR108,Mechanical Engineering,434.0,434.0,425
CR109,Structural Engineering,396.0,394.0,341
CR110,Automotive Business Management and Technology,336.0,311.0,318
CR112,Creative Digital Media at CIT Crawford College of,390.0,361.0,335
CR116,Computer Systems,365.0,332.0,318
CR121,Music at CIT Cork School of Music,904.0,868.0,633
CR125,Popular Music at CIT Cork School of Music,1028.0,1088.0,972
CR130,Musical Theatre at CIT Cork School of Music,525.0,548.0,500
CR150,Business Information Systems,350.0,335.0,326
CR210,Contemporary Applied Art (Ceramics  Glass  Textile,450.0,,979
CR220,Fine Art at CIT Crawford College of Art and Design,400.0,,620
CR225,Photography with New Media at CIT Crawford College,435.0,,920
CR305,Physical Sciences (Common Entry),260.0,282.0,279
CR310,IT Management,347.0,297.0,282
CR320,Biomedical Science - Offered jointly by CIT and UC,590.0,565.0,546
CR325,Pharmaceutical Biotechnology,466.0,398.0,388
CR333,Nutrition and Health Science,425.0,402.0,360
CR335,Biological Sciences (Common Entry),473.0,420.0,381
CR340,Analytical Chemistry with Quality Assurance,327.0,251.0,288
CR360,Instrument Engineering,301.0,261.0,291
CR365,Environmental Science and Sustainable Technology,262.0,253.0,334
CR370,Agri-Biosciences,368.0,397.0,408
CR400,Accounting,315.0,316.0,316
CR420,Marketing,290.0,285.0,288
CR425,International Business with Language,279.0,298.0,300
CR430,Sport and Exercise Management,402.0,322.0,
CR435,Coaching Science and Sports Pedagogy,410.0,,
CR440,Montessori Education,409.0,288.0,
CR500,Engineering (Common Entry),475.0,411.0,381
CR510,Sustainable Energy Engineering,320.0,320.0,319
CR520,Biomedical Engineering,444.0,444.0,434
CR560,Architectural Technology,375.0,308.0,288
CR565,Interior Architecture,431.0,359.0,336
CR570,Quantity Surveying,375.0,336.0,279
CR572,Construction Management,300.0,269.0,253
CR580,Electrical Engineering,342.0,318.0,344
CR590,Electronic Engineering,329.0,303.0,342
CR600,Visual Communications at CIT Crawford College of A,280.0,,587
CR660,Tourism Management,246.0,252.0,249
CR700,Theatre and Drama Studies at CIT Cork School of Mu,609.0,740.0,768
CR930,Home Economics and Business,518.0,,
CK101,Arts - 3 years,300.0,300.0,300
CK102,Social Science,434.0,412.0,391
CK104,Arts with Music - 3 or 4 years (BMus or Chinese/Eu,339.0,302.0,340
CK105,Film and Screen Media - 3 years or 4 years (Intern,421.0,368.0,397
CK107,Geographical and Archaeological Sciences - 3 or 4,312.0,328.0,326
CK108,Arts International - 4 years,440.0,401.0,429
CK109,English - 3 years or 4 years (International Pathwa,367.0,318.0,347
CK110,World Languages,488.0,452.0,456
CK111,Early Years and Childhood Studies,409.0,419.0,398
CK112,Theatre and Performative Practices - 3 or 4 years,371.0,330.0,324
CK113,Criminology - 3 years or 4 years (International Pa,464.0,423.0,408
CK114,Social Science (Youth and Community Work),,,
CK115,Social Work - Mature Applicants only,,,
CK118,Digital Humanities and IT - 3 or 4 years (Work Exp,347.0,336.0,307
CK120,Applied Psychology,544.0,533.0,506
CK121,Psychology and Computing - 3 or 4 years (Work Expe,499.0,466.0,393
CK122,Government and Political Science,399.0,337.0,355
CK123,Anthropology,308.0,308.0,
CK124,Education - Gaeilge,473.0,463.0,
CK125,Sports Studies and Physical Education,564.0,510.0,
CK201,Commerce,500.0,477.0,465
CK202,Accounting,553.0,509.0,467
CK203,Business Information Systems,455.0,430.0,409
CK204,Finance,566.0,556.0,531
CK205,Commerce (International) with French,465.0,445.0,409
CK206,Commerce (International) with German,466.0,420.0,408
CK207,Commerce (International) with Italian,423.0,388.0,408
CK208,Commerce (International) with Hispanic Studies,488.0,402.0,431
CK209,Commerce (International) with Irish,507.0,484.0,509
CK211,Commerce (International) with Chinese Studies,385.0,397.0,398
CK212,Economics (through Transformational Learning) 3 or,445.0,444.0,400
CK213,Food Marketing and Entrepreneurship,466.0,462.0,
CK214,International Development,332.0,346.0,
CK301,Law (Pathways) -  3 or 4 years,533.0,507.0,476
CK302,Law and French,545.0,542.0,453
CK304,Law and Irish,588.0,540.0,462
CK307,Law and Business,589.0,556.0,522
CK401,Computer Science,503.0,468.0,402
CK402,Biological and Chemical Sciences,555.0,510.0,498
CK404,Biological  Earth and Environmental Sciences,500.0,467.0,412
CK405,Genetics,543.0,487.0,476
CK406,Chemical Sciences,532.0,485.0,457
CK407,Mathematical Sciences,566.0,566.0,531
CK408,Physics and Astrophysics,566.0,554.0,511
CK409,Industrial Physics - Offered jointly by UCC and CI,465.0,432.0,413
CK411,Data Science and Analytics,531.0,510.0,509
CK412,Agricultural Science,506.0,496.0,457
CK504,Nutritional Sciences,555.0,518.0,492
CK505,Food Science,463.0,441.0,444
CK600,Engineering,510.0,487.0,465
CK606,Architecture - Offered jointly by UCC and CIT,543.0,484.0,465
CK701,Medicine (Undergraduate Entry - HPAT required),738.0,731.0,729
CK702,Dentistry,625.0,613.0,590
CK703,Pharmacy,613.0,590.0,577
CK704,Occupational Therapy,601.0,566.0,532
CK705,Speech and Language Therapy,568.0,520.0,509
CK706,Public Health Sciences,500.0,454.0,419
CK707,Medical and Health Sciences,578.0,542.0,510
CK710,General Nursing,498.0,454.0,440
CK712,Children`s and General Nursing (Integrated),565.0,533.0,499
CK720,Mental Health Nursing,455.0,423.0,398
CK730,Intellectual Disability Nursing,431.0,419.0,359
CK740,Midwifery,509.0,484.0,444
CK791,Medicine  - Graduate Entry (GAMSAT required),60.0,57.0,58
AC120,International Business,294.0,209.0,234
AC137,Liberal Arts,271.0,252.0,252
CT125,Computing and IT,242.0,220.0,235
CT325,Business,253.0,338.0,
CM001,Education - Primary Teaching,508.0,484.0,452
CM002,Education - Primary Teaching - Gaeltacht Applicant,462.0,,421
CM003,Oideachas – Bunmhúinteoireacht Trí Mheán na Gaeilg,513.0,528.0,491
CM004,Oideachas - Bunmhúinteoireacht Trí Mheán na Gaeilg,480.0,494.0,492
CM010,Education Studies,382.0,319.0,317
CM020,Early Childhood Education,317.0,327.0,336
DB500,Computing,234.0,218.0,242
DB501,Computing (Cloud Computing),,227.0,326
DB502,Computing (Data Analytics and Big Data),267.0,341.0,269
DB503,Computing (Software Development),,225.0,242
DB504,Computing (Web and Mobile Technology),,,227
DB510,Audio Production and Music Project Management,217.0,234.0,233
DB512,Business Studies,243.0,218.0,229
DB514,Business Studies (Law),239.0,252.0,269
DB515,Business Studies (Human Resource Management),242.0,244.0,225
DB517,Marketing (Event Management),233.0,238.0,226
DB518,Marketing (Digital Media),307.0,,210
DB521,Accounting and Finance,243.0,225.0,225
DB524,Business (Information Systems),247.0,342.0,402
DB525,Marketing (Digital Media and Cloud Computing),288.0,,284
DB526,Business (Cloud Computing),244.0,347.0,253
DB527,Applied Social Care,254.0,234.0,235
DB531,Marketing,288.0,293.0,220
DB562,Psychology,244.0,243.0,208
DB566,Social Science,262.0,220.0,216
DB567,Film and Creative Media,245.0,218.0,192
DB568,Law,254.0,219.0,245
DB569,Business (Psychology),240.0,252.0,279
DC001,Education - Early Childhood Education,445.0,440.0,398
DC002,Education - Primary Teaching,518.0,488.0,462
DC003,Education - Primary Teaching - Gaeltacht Applicant,489.0,445.0,433
DC004,Education - Primary Teaching (Church of Ireland Ce,451.0,411.0,357
DC009,Arts (Joint Honours) - Humanities,356.0,376.0,347
DC010,Post Primary Teacher Education - Religious Educati,384.0,441.0,386
DC011,Post Primary Teacher Education - Religious Educati,409.0,412.0,352
DC012,Post Primary Teacher Education - Religious Educati,409.0,378.0,367
DC013,Post Primary Teacher Ed - Gaeilge with French/Germ,413.0,419.0,410
DC014,BA in Jazz and Contemporary Music Performance (aud,311.0,419.0,428
DC110,Business Studies International,498.0,465.0,440
DC111,Business Studies,511.0,488.0,463
DC112,Global Business (France),542.0,517.0,495
DC113,Global Business (Germany),484.0,462.0,440
DC114,Global Business (Spain),544.0,522.0,501
DC115,Accounting and Finance,544.0,510.0,487
DC116,Global Business (USA),613.0,579.0,578
DC117,Aviation Management / Aviation Management with Pil,484.0,476.0,463
DC118,Gná agus Gaeilge / Business and Irish,368.0,359.0,357
DC119,Global Business (Canada),601.0,564.0,566
DC120,Computing for Business,403.0,357.0,350
DC121,Computer Science,475.0,400.0,370
DC123,Data Science,501.0,465.0,467
DC126,Actuarial Mathematics,577.0,560.0,520
DC127,Common Entry into Actuarial and Financial Mathemat,541.0,532.0,509
DC131,Communication Studies,421.0,407.0,400
DC132,Journalism,452.0,429.0,401
DC133,Multimedia,435.0,411.0,403
DC155,Applied Language and Translation Studies,427.0,387.0,371
DC161,Analytical Science,498.0,498.0,446
DC162,Chemical and Pharmaceutical Sciences,531.0,521.0,488
DC163,Chemical Sciences General Entry (Undenominated Ent,466.0,,
DC166,Environmental Science and Technology,423.0,433.0,412
DC168,Genetics and Cell Biology,543.0,512.0,489
DC175,Physics General Entry (options),400.0,419.0,
DC180,Biological Sciences General Entry (Undenominated E,530.0,,
DC181,Biotechnology,530.0,499.0,476
DC190,Electronic and Computer Engineering (with choice o,488.0,413.0,391
DC193,Mechatronic Engineering,490.0,411.0,404
DC194,Sustainable Systems and Energy,476.0,,
DC195,Mechanical and Manufacturing Engineering,500.0,425.0,401
DC197,Biomedical Engineering,510.0,423.0,402
DC200,Common Entry into Engineering (Undenominated Entry,511.0,422.0,381
DC202,Sport Science and Health,511.0,500.0,467
DC203,Science Education,462.0,435.0,424
DC204,Athletic Therapy and Training,558.0,522.0,484
DC205,Physical Education with Biology,565.0,531.0,490
DC206,Physical Education with Mathematics,521.0,499.0,443
DC207,Psychology and Mathematics,521.0,,
DC208,Psychology,565.0,532.0,509
DC209,Health and Society,477.0,465.0,419
DC210,Psychology and Disruptive Technologies,506.0,,
DC215,General Nursing,456.0,454.0,414
DC216,Mental Health Nursing,420.0,418.0,368
DC217,Intellectual Disability Nursing,382.0,370.0,347
DC218,Children`s and General Nursing (Integrated),521.0,500.0,467
DC230,Economics  Politics and Law,431.0,435.0,400
DC231,International Relations,398.0,397.0,387
DC232,Law and Society (BCL),469.0,466.0,453
DC235,Education and Training - Daytime and Flexible Deli,302.0,309.0,307
DC238,Social Sciences and Cultural Innovation,387.0,377.0,358
DC240,Marketing  Innovation and Technology,499.0,476.0,451
DC241,Digital Business and Innovation,509.0,,
DC291,Arts (Joint Honours) - Media Studies,350.0,376.0,349
DC292,Arts (Joint Honours) - Law,400.0,403.0,356
DC293,Arts (Joint Honours) - International Languages,379.0,377.0,369
DC294,Climate and Environmental Sustainability,475.0,,
DC295,Arts (Joint Honours) - Politics,349.0,376.0,348
DL822,Arts Management,254.0,229.0,209
DL823,Business Management,220.0,235.0,260
DL825,Applied Psychology,418.0,379.0,349
DL826,Graphic Design,591.0,855.0,736
DL827,Art,574.0,572.0,583
DL832,Animation,989.0,920.0,855
DL833,Photography and Visual Media,671.0,650.0,636
DL836,Creative Computing,235.0,219.0,217
DL837,New Media Studies,298.0,201.0,290
DL838,Creative Music Production,713.0,754.0,746
DL839,Interaction and User Experience Design,757.0,683.0,
DL840,Digital Marketing,210.0,228.0,
DL841,English and Equality Studies,277.0,276.0,
DL843,Film,987.0,,
DL844,Television,566.0,,
DL845,Design for Film (degree options),628.0,,
GC200,Business,269.0,252.0,269
GC201,Accounting and Finance,260.0,303.0,251
GC230,Computing Science,300.0,335.0,228
GC300,Business,264.0,429.0,251
GC301,Accounting and Finance,,253.0,307
GC302,Business - HRM,377.0,,269
GC307,Business (Marketing),289.0,,
GC400,Business,250.0,248.0,246
GC401,Accounting and Finance,242.0,240.0,181
GC402,Business (HRM),,264.0,217
GC403,Law,245.0,244.0,225
GC407,Business (Marketing),264.0,280.0,246
GC430,Computing Science,251.0,252.0,217
GC450,Communications and Media Production,225.0,254.0,227
GC462,Design Communication (portfolio),300.0,,
GC489,Interior Architecture (portfolio),288.0,254.0,267
GC494,Fashion Design (portfolio),351.0,337.0,
BY001,Business,210.0,,
ID001,Accounting and Finance,,203.0,229
ID002,Business Studies,,294.0,285
AD101,First Year Art and Design (Common Entry portfolio),554.0,,
AD102,Graphic Design and Moving Image Design (portfolio),538.0,,
AD103,Textile and Surface Design and Jewellery and Objec,505.0,,
AD202,Education and Design or Fine Art (Second Level Tea,591.0,,
AD204,Fine Art (portfolio),514.0,,
AD211,Fashion Design (portfolio),760.0,,
AD212,Product Design (portfolio),413.0,,
AD215,Visual Culture,337.0,377.0,300
AD217,Illustration (portfolio),738.0,,
AD222,Interaction Design (portfolio),444.0,,
NC003,Computing (Degree Award options),271.0,260.0,261
NC005,Human Resource Management,301.0,300.0,297
NC009,Business,300.0,300.0,297
NC010,Psychology,420.0,400.0,366
NC020,Marketing Practice,270.0,280.0,270
NC022,Accounting and Finance,330.0,337.0,338
NC023,Technology Management (with specialisations),266.0,261.0,260
NC030,Early Childhood Education and Care,251.0,,
RC001,Medicine - Undergraduate Entry (HPAT required),741.0,733.0,729
RC004,Physiotherapy,589.0,566.0,532
RC005,Pharmacy,613.0,579.0,555
RC101,Medicine - Graduate Entry (GAMSAT required),,,60
NM801,Montessori Education,262.0,220.0,
NM802,Psychology,228.0,,
TU801,Sustainable Energy Engineering,235.0,235.0,
TU802,Electrical Services and Energy Management,309.0,317.0,
TU804,Engineering (Common Entry with Award options),270.0,271.0,
TU805,Engineering (General Entry),466.0,402.0,
TU807,Computer Engineering in Mobile Systems,274.0,276.0,
TU810,Mechatronic Engineering,271.0,270.0,
TU811,Product Design,440.0,411.0,
TU812,Design Technology and Innovation,278.0,270.0,
TU814,Sustainable Transport Management,253.0,285.0,
TU828,Mechanical Engineering (General Entry),300.0,,
TU829,Electronic Engineering (General Entry),248.0,,
TU831,Architectural Technology,423.0,410.0,
TU832,Architecture (Suitability Test and Interview),644.0,622.0,
TU833,Construction Management,396.0,367.0,
TU834,Geographic Science,315.0,288.0,
TU835,Planning and Environmental Management,330.0,313.0,
TU836,Property Economics (Valuation Surveying),411.0,401.0,
TU837,Quantity Surveying and Construction Economics,413.0,385.0,
TU838,Sustainable Timber Technology,307.0,,
TU851,Analytical Chemistry (Environmental  Forensic and,400.0,349.0,
TU852,Chemical Sciences with Medicinal Chemistry,477.0,476.0,
TU854,Science (General Entry),510.0,476.0,
TU855,Science with Nanotechnology,322.0,331.0,
TU856,Computer Science,499.0,476.0,
TU857,Computer Science (Infrastructure),403.0,391.0,
TU858,Computer Science (International),395.0,377.0,
TU859,Computing,251.0,217.0,
TU860,Computing (Information Technology),270.0,260.0,
TU861,Computing with Language (French/German/Spanish),235.0,308.0,
TU862,Computing with Artificial Intelligence Machine Lea,262.0,226.0,
TU863,Digital Forensics and Cyber Security,282.0,280.0,
TU864,DNA and Forensic Analysis,500.0,400.0,
TU865,Cloud Computing,235.0,226.0,
TU866,Biomedical and Molecular Diagnostics,522.0,487.0,
TU867,Biomedical Science,576.0,524.0,
TU868,Clinical Measurement Science,542.0,510.0,
TU869,Environmental Health,387.0,336.0,
TU870,Human Nutrition and Dietetics,601.0,578.0,
TU871,Optometry,532.0,509.0,
TU872,Public Health Nutrition,487.0,491.0,
TU874,Mathematical Sciences,294.0,341.0,
TU875,Pharmaceutical Healthcare,451.0,400.0,
TU876,Pharmaceutical Science,445.0,377.0,
TU877,Physics Technology,314.0,308.0,
TU878,Physics with Energy and Environment,339.0,337.0,
TU879,Physics with Medical Physics and Bioengineering,346.0,351.0,
TU880,Physics with Data Science,412.0,578.0,
TU881,Food Innovation,309.0,318.0,
TU882,Nutraceuticals in Health and Nutrition,380.0,397.0,
TU902,Business (options),270.0,271.0,
TU903,Business and Management,477.0,463.0,
TU904,Business and Law,462.0,462.0,
TU905,Economics and Finance,460.0,465.0,
TU906,Human Resource Management,386.0,395.0,
TU907,Logistics and Supply Chain Management,300.0,300.0,
TU910,Accounting,420.0,444.0,
TU912,Business Analytics,331.0,330.0,
TU914,Business Computing,322.0,324.0,
TU917,Law (LLB ) with a Language,356.0,342.0,
TU918,Law (LLB),463.0,451.0,
TU919,Advertising and Marketing Communications,219.0,228.0,
TU920,Digital Marketing,270.0,270.0,
TU921,Digital Marketing Technologies,230.0,212.0,
TU922,Marketing,412.0,418.0,
TU924,E-Commerce in Retailing,307.0,307.0,
TU925,Retail and Services Management,307.0,301.0,
TU932,Business (options),211.0,,
TU933,Accounting and Finance (campus options),251.0,,
TU935,Sports Management and Coaching,300.0,300.0,
TU936,Sports Science and Health,484.0,410.0,
TU941,Botanical Cuisine,311.0,249.0,
TU942,Culinary Arts,252.0,212.0,
TU943,Culinary Entrepreneurship,261.0,278.0,
TU944,Culinary Science,336.0,316.0,
TU951,International Hospitality and Tourism Management,244.0,184.0,
TU952,International Hospitality Management,309.0,300.0,
TU953,Tourism and Digital Marketing,308.0,290.0,
TU954,Event Management,326.0,356.0,
TU955,Sports and Leisure Management,275.0,217.0,
TU961,Commercial Modern Music (BIMM - assessment/auditio,536.0,608.0,
TU962,Drama (Performance  audition),448.0,379.0,
TU963,Music (audition),364.0,416.0,
TU965,International Business and Languages,357.0,356.0,
TU967,Languages and International Tourism,298.0,308.0,
TU973,Design - Visual Communication (portfolio),700.0,717.0,
TU974,Fine Art (portfolio),549.0,709.0,
TU975,Interior Design (portfolio),544.0,632.0,
TU976,Photography (portfolio),700.0,695.0,
TU978,Creative Industries and Visual Culture,299.0,,
TU981,Creative Digital Media,280.0,280.0,
TU982,Media Production and Digital Arts,369.0,320.0,
TU983,Film and Broadcasting,462.0,456.0,
TU984,Game Design,414.0,381.0,
TU985,Journalism,367.0,322.0,
TU989,Early Childhood Care and Education (campus options,270.0,,
TU991,Applied Social Studies in Social Care,326.0,325.0,
TU992,Community Development and Youth Work,251.0,251.0,
TU995,Early Childhood Education,378.0,367.0,
TU996,Social Care,407.0,400.0,
TU997,Applied Social Care,320.0,310.0,
TR002,Music,508.0,435.0,414
TR003,History,552.0,497.0,486
TR004,Law,590.0,566.0,532
TR005,Philosophy,510.0,442.0,391
TR006,Psychology,601.0,567.0,555
TR007,Clinical Speech and Language Studies,564.0,529.0,499
TR009,Music Education,496.0,420.0,430
TR015,Philosophy  Political Science  Economics and Socio,613.0,589.0,566
TR016,Deaf Studies,389.0,340.0,337
TR018,Law and French,602.0,565.0,532
TR019,Law and German,577.0,543.0,523
TR021,Classics  Ancient History and Archaeology,467.0,370.0,377
TR022,Early and Modern Irish,377.0,398.0,347
TR023,English Studies,546.0,487.0,463
TR024,European Studies,566.0,544.0,520
TR025,Drama and Theatre Studies,543.0,564.0,489
TR028,Ancient and Medieval History and Culture,498.0,342.0,339
TR031,Mathematics,579.0,531.0,566
TR032,Engineering,556.0,510.0,487
TR033,Computer Science,566.0,509.0,465
TR034,Management Science and Information Systems Studies,625.0,613.0,589
TR035,Theoretical Physics,590.0,543.0,554
TR038,Engineering with Management,589.0,532.0,499
TR039,Computer Science  Linguistics and a Language,443.0,454.0,435
TR040,Middle Eastern and European Languages and Cultures,520.0,466.0,485
TR041,Religion,417.0,368.0,347
TR042,Film,531.0,489.0,
TR043,History of Art and Architecture,498.0,393.0,
TR051,Medicine (HPAT required),743.0,735.0,730
TR052,Dental Science,625.0,613.0,590
TR053,Physiotherapy,590.0,566.0,533
TR054,Occupational Therapy,578.0,533.0,500
TR055,Radiation Therapy,577.0,543.0,510
TR056,Human Health and Disease,601.0,565.0,543
TR060,Biological and Biomedical Sciences,578.0,543.0,510
TR061,Chemical Sciences,558.0,517.0,488
TR062,Geography and Geoscience,495.0,473.0,435
TR063,Physical Sciences,554.0,498.0,498
TR064,Environmental Science and Engineering,555.0,,
TR072,Pharmacy,613.0,590.0,555
TR080,Global Business,613.0,589.0,565
TR081,Business  Economic and Social Studies (BESS),577.0,543.0,518
TR084,Social Studies (Social Work),497.0,462.0,420
TR085,Business Studies and French,564.0,540.0,509
TR086,Business Studies and German,530.0,509.0,474
TR087,Business Studies and Russian,487.0,474.0,467
TR089,Business Studies and Polish,391.0,444.0,393
TR090,Business Studies and Spanish,566.0,531.0,510
TR091,General Nursing (Meath and St James`s),462.0,429.0,393
TR093,General Nursing (Adelaide School of Nursing),473.0,430.0,378
TR095,Mental Health Nursing,442.0,408.0,358
TR097,Intellectual Disability Nursing,412.0,396.0,346
TR911,Children`s and General Nursing (Integrated),531.0,511.0,476
TR913,Midwifery,521.0,478.0,423
DN100,Architecture,555.0,510.0,473
DN120,Landscape Architecture,463.0,407.0,353
DN130,City Planning and Environmental Policy,445.0,407.0,367
DN150,Engineering (Common Entry),565.0,531.0,511
DN200,Science (options),577.0,533.0,521
DN201,Computer Science (Common Entry),554.0,510.0,488
DN230,Actuarial and Financial Studies,613.0,601.0,577
DN240,Sustainability,510.0,440.0,
DN250,Agricultural Science (options),454.0,456.0,420
DN261,Food Science,531.0,477.0,434
DN262,Human Nutrition,566.0,531.0,493
DN300,Veterinary Medicine - Undergraduate Entry,601.0,589.0,567
DN301,Veterinary Medicine - Graduate Entry (GAMSAT requi,,,
DN310,Veterinary Nursing,521.0,478.0,441
DN400,Medicine - Undergraduate Entry (HPAT required),743.0,737.0,735
DN401,Medicine - Graduate Entry (GAMSAT required),61.0,,59
DN410,Radiography,566.0,534.0,507
DN411,Radiography - Graduate Entry,,,
DN420,Physiotherapy,601.0,578.0,542
DN425,Health and Performance Science,544.0,510.0,488
DN430,Sport and Exercise Management,484.0,455.0,436
DN440,Biomedical  Health and Life Sciences,613.0,590.0,565
DN450,General Nursing,462.0,429.0,398
DN451,Children`s and General Nursing (Integrated),533.0,509.0,462
DN452,Midwifery,510.0,489.0,409
DN453,Mental Health Nursing,442.0,397.0,379
DN520,Joint Honours (options),381.0,310.0,336
DN530,Humanities (options),397.0,340.0,348
DN541,Modern Languages (options),320.0,303.0,348
DN600,Law (options),576.0,546.0,520
DN610,Business and Law,573.0,545.0,521
DN650,Commerce,555.0,521.0,498
DN660,Commerce International (options),555.0,517.0,507
DN670,Economics and Finance,625.0,613.0,601
DN700,Social Sciences (options),475.0,421.0,388
DN710,Economics,534.0,498.0,476
DN720,Psychology,566.0,530.0,517
DN750,Social Policy and Sociology,421.0,378.0,330
DK810,Accounting and Finance,307.0,305.0,306
DK816,Business Studies,301.0,300.0,300
DK820,Computing in Games Development,309.0,311.0,307
DK821,Computing in Software Development,320.0,302.0,301
DK822,Augmented and Virtual Reality,320.0,307.0,
DK830,Building Surveying,305.0,336.0,302
DK831,Architectural Technology,368.0,389.0,301
DK832,Construction Management,358.0,387.0,300
DK843,Engineering (Common Entry),404.0,340.0,303
DK844,Mechanical Engineering,336.0,305.0,
DK845,Electrical and Electronic Engineering,331.0,304.0,
DK846,Civil Engineering,371.0,391.0,
DK850,International Tourism Management,303.0,317.0,
DK861,Arts,302.0,302.0,300
DK862,Social Care,322.0,301.0,300
DK863,Creative Media,336.0,308.0,300
DK864,Film and Television Production,308.0,300.0,300
DK865,Audio and Music Production,352.0,301.0,301
DK870,General Nursing,440.0,403.0,392
DK872,Intellectual Disability Nursing,367.0,336.0,300
DK874,Mental Health Nursing,398.0,356.0,356
DK876,Early Childhood Studies,300.0,321.0,305
DK877,Midwifery,482.0,440.0,398
DK880,Health and Physical Activity,301.0,328.0,300
DK882,Agriculture (Award options),342.0,310.0,303
DK883,Science (Award options),373.0,358.0,300
DK884,Sustainable Agriculture,348.0,,
DK885,Agri-Food Production,,,
DK886,Biopharmaceutical Science,379.0,301.0,
DK887,Environmental Science,377.0,330.0,
GA181,Accounting,303.0,309.0,303
GA182,Business,285.0,287.0,290
GA183,Business Information Systems,298.0,296.0,309
GA184,Marketing and Sales,300.0,307.0,307
GA185,Finance and Economics,318.0,293.0,307
GA186,Business with Entrepreneurship,287.0,280.0,297
GA187,Rural Enterprise and Agri-Business,291.0,281.0,280
GA281,Film and Documentary,310.0,304.0,287
GA282,Heritage Studies,252.0,220.0,238
GA283,Contemporary Art (portfolio),790.0,679.0,260
GA284,Design,331.0,303.0,309
GA285,Education (Art  Design and Graphics),406.0,,
GA380,International Hotel Management,218.0,242.0,225
GA381,International Tourism Management,252.0,278.0,261
GA382,Culinary and Gastronomic Science,235.0,206.0,225
GA384,Event Management with Public Relations,230.0,212.0,209
GA480,Construction Management,302.0,260.0,260
GA482,Quantity Surveying and Construction Economics,304.0,288.0,280
GA483,Architectural Technology,281.0,265.0,251
GA484,Civil Engineering,377.0,290.0,270
GA580,Software and Electronic Engineering,300.0,300.0,301
GA680,Mechanical Engineering,400.0,330.0,336
GA681,Energy Engineering,312.0,293.0,281
GA682,Biomedical Engineering,331.0,313.0,331
GA683,Agricultural Engineering,304.0,309.0,301
GA684,Engineering Common Entry to Manu/Agri/Biomed/Energ,413.0,340.0,346
GA685,Manufacturing Engineering Design,336.0,309.0,
GA780,Applied Freshwater and Marine Biology,366.0,327.0,300
GA781,Applied Biology and Biopharmaceutical Science,381.0,337.0,317
GA782,Chemical and Pharmaceutical Science,356.0,336.0,307
GA783,Physics and Instrumentation,301.0,363.0,373
GA784,Science (Undenominated),445.0,372.0,327
GA785,Medical Science,517.0,473.0,451
GA786,Forensic Science and Analysis,408.0,317.0,300
GA787,Computing in Software Development,310.0,270.0,275
GA788,Computing and Digital Media,270.0,274.0,270
GA789,Agriculture and Environmental Management,340.0,287.0,297
GA790,Sport and Exercise Science,376.0,356.0,350
GA791,Public Health Nutrition,368.0,368.0,364
GA880,General Nursing,440.0,429.0,389
GA882,Psychiatric Nursing,369.0,367.0,346
GA885,Outdoor Education,269.0,252.0,210
GA887,History and Geography,201.0,244.0,228
GA889,Applied Social Care,265.0,266.0,260
GA890,Early Childhood Education and Care,281.0,270.0,278
GA891,Geography and Outdoor Education,261.0,244.0,
GA892,Community Development and Youth Work (Level 8),,,
GA980,Education (Design Graphics and Construction),410.0,377.0,376
GA981,Furniture Design and Manufacture,346.0,,271
GA982,Furniture Making and Architectural Woodworking,360.0,,270
GA983,Furniture and Digital Manufacturing,,,
GA984,Furniture Design  Making and Technology - Common E,486.0,284.0,
GY101,Arts (Joint-Honours),327.0,300.0,300
GY104,BSc (Psychology),564.0,523.0,507
GY105,Arts (History),357.0,301.0,318
GY109,Arts (Mathematics and Education),413.0,403.0,411
GY110,Arts (Children and Youth Studies - options),387.0,357.0,382
GY111,Arts (English and Creative Writing),421.0,330.0,402
GY113,Arts with Human Rights,413.0,368.0,338
GY115,Arts with Performing Arts Studies,300.0,387.0,328
GY118,Arts (Drama  Theatre and Performance Studies),453.0,451.0,410
GY119,Arts (Journalism),484.0,400.0,410
GY122,Na Dána (Cumarsáid agus Gaeilge),410.0,361.0,308
GY123,Applied Social Sciences,419.0,358.0,357
GY125,Arts (Digital Arts and Technology),403.0,328.0,324
GY127,Arts (Film and Digital Media),430.0,401.0,387
GY128,Arts (Global Languages),346.0,352.0,370
GY129,Arts (Global Experience),465.0,420.0,408
GY130,Arts (Music),462.0,408.0,400
GY132,Government (Politics  Economics and Law),465.0,407.0,402
GY133,Education (Computer Science and Mathematical Studi,454.0,422.0,401
GY134,Geography and Geosystems,425.0,410.0,
GY135,Arts (Global Media),442.0,,
GY136,Na Dána (Léann Teanga - options),526.0,,
GY201,Commerce,476.0,433.0,420
GY202,Commerce (International) with French,520.0,484.0,484
GY203,Commerce (International) with German,518.0,489.0,489
GY204,Commerce (International) with Spanish,506.0,495.0,484
GY206,Business Information Systems (Work Placement and O,509.0,465.0,431
GY207,Commerce (Accounting) including optional Global Ex,543.0,509.0,486
GY208,Commerce (Gaeilge),508.0,473.0,473
GY209,Commerce (Global Experience),551.0,530.0,509
GY250,Law and Business,510.0,487.0,436
GY251,Law (BCL),542.0,499.0,473
GY252,Law (BCL) and Human Rights,565.0,520.0,510
GY253,Law and Taxation,506.0,509.0,
GY254,Law (BCL)  Criminology and Criminal Justice,548.0,530.0,
GY261,Business Studies in International Hotel Management,503.0,497.0,486
GY262,Commerce in International Hotel Management (interv,709.0,681.0,671
GY301,Science,489.0,433.0,400
GY303,Biomedical Science,613.0,556.0,533
GY304,Biotechnology,498.0,465.0,473
GY308,Environmental Science,431.0,408.0,413
GY309,Financial Mathematics and Economics,509.0,487.0,454
GY310,Marine Science,467.0,419.0,409
GY313,Environmental Health and Safety,412.0,412.0,402
GY314,Earth and Ocean Sciences,422.0,403.0,402
GY318,Biopharmaceutical Chemistry,555.0,509.0,510
GY319,Mathematical Science,543.0,476.0,456
GY320,Physics (Degree options: Applied Astrophysics Biom,465.0,402.0,401
GY321,Genetics and Genomics,532.0,508.0,
GY322,Agricultural Sciences,485.0,,
GY350,Computer Science and Information Technology,495.0,403.0,425
GY401,Engineering (Undenominated),522.0,465.0,444
GY402,Civil Engineering,533.0,455.0,509
GY405,Mechanical Engineering,541.0,454.0,443
GY406,Electronic and Computer Engineering,555.0,510.0,509
GY408,Biomedical Engineering,554.0,509.0,519
GY410,Project and Construction Management,431.0,403.0,434
GY413,Energy Systems Engineering,509.0,502.0,532
GY414,Electrical and Electronic Engineering,433.0,405.0,454
GY501,Medicine (five year/six year course  HPAT required,737.0,728.0,726
GY502,Occupational Therapy,601.0,555.0,532
GY503,Speech and Language Therapy,578.0,543.0,529
GY504,Podiatric Medicine,531.0,443.0,434
GY515,General Nursing (Galway and Portiuncula),502.0,476.0,442
GY516,Mental Health Nursing,475.0,440.0,388
GY517,Midwifery,520.0,495.0,429
LY108,Business - Accounting,312.0,309.0,318
LY118,Business,288.0,290.0,287
LY128,Marketing with Online Technologies,261.0,,
LY208,Law,300.0,300.0,300
LY228,Sports and Exercise - Common Entry,290.0,300.0,278
LY408,Design - Common Entry,301.0,320.0,307
LY508,Fire Safety Engineering,283.0,276.0,270
LY518,Quantity Surveying,304.0,301.0,307
LY528,Construction Management,262.0,271.0,267
LY538,Architectural Technology,234.0,,
LY608,Mechanical Engineering,300.0,300.0,304
LY618,Electronic Engineering,321.0,312.0,307
LY708,Applied Computing,320.0,306.0,300
LY748,Computer Science,316.0,317.0,
LY818,Science - Common Entry,302.0,303.0,302
LY828,Agriculture - Common Entry,308.0,307.0,300
LY908,General Nursing,429.0,400.0,383
LY918,Psychiatric Nursing,367.0,357.0,291
LY928,Intellectual Disability Nursing,357.0,326.0,288
LY968,Early Childhood Care  Health and Education,288.0,303.0,300
LY978,Health and Social Care - Common Entry,279.0,280.0,260
MI001,Contemporary and Applied Theatre Studies,209.0,375.0,345
MI002,Arts,280.0,300.0,300
MI004,Education - Primary Teaching - International,589.0,577.0,
MI005,Education - Primary Teaching,522.0,495.0,473
MI006,Education - Primary Teaching - Gaeltacht Applicant,485.0,456.0,442
MI007,Early Childhood Care and Education,409.0,357.0,366
MI008,Education and Psychology - Primary Teaching,590.0,588.0,543
MI009,Education  Business Studies and Accounting,434.0,402.0,392
MI010,Education  Business Studies and Religious Studies,370.0,368.0,326
MI011,Education  Gaeilge and Religious Studies,407.0,409.0,377
MI012,Education  Gaeilge and Business Studies,387.0,401.0,398
MI013,Education  Mathematics and Gaeilge,509.0,444.0,433
MI014,Education  Mathematics and Business Studies,476.0,434.0,
CI110,Counselling and Psychotherapy,292.0,310.0,
CI111,Counselling and Psychotherapy with Addiction Studi,290.0,301.0,
CI112,Counselling and Psychotherapy with Youth Studies,325.0,311.0,
LC110,Art and Design (Common Entry  portfolio),794.0,740.0,734
LC114,Fashion and Textiles for Product and Costume (port,914.0,880.0,900
LC115,Art and Design Teacher Education (LIT and UL  port,993.0,942.0,
LC220,Digital Marketing,263.0,262.0,254
LC223,Law and Taxation,331.0,307.0,308
LC224,Accounting and Finance,300.0,300.0,299
LC225,Marketing and Management,298.0,298.0,298
LC226,Enterprise and Innovation,255.0,234.0,216
LC233,Software Development,280.0,272.0,300
LC234,Immersive Digital Media and Spatial Computing,226.0,225.0,219
LC236,Internet Systems Development,260.0,262.0,298
LC239,Computer Networks and Systems Management,317.0,307.0,335
LC241,Construction Management,326.0,255.0,276
LC242,Property Valuation and Management,308.0,282.0,292
LC243,Quantity Surveying,278.0,294.0,281
LC248,Built Environment (Common Entry),300.0,288.0,307
LC252,Civil Engineering Management,264.0,270.0,281
LC263,Medical Technology,391.0,294.0,282
LC265,Forensic and Pharmaceutical Sciences,498.0,413.0,335
LC266,Drug and Medicinal Product Analysis,252.0,262.0,236
LC275,Electrical Engineering,361.0,298.0,288
LC288,Mechanical Engineering,378.0,347.0,307
LC289,Precision Engineering,261.0,291.0,280
LC292,Social Care Work,374.0,367.0,360
LC293,Business Studies with Travel and Tourism Managemen,271.0,307.0,299
LC294,Business Studies with Event Management,279.0,279.0,271
LC295,Business Studies with Sports Management,262.0,252.0,263
LC297,Community and Addiction Studies,272.0,235.0,217
LC320,Business,381.0,346.0,337
LC330,Business with Computing,328.0,297.0,298
LC340,Interior Design,391.0,350.0,298
LC362,Biotechnology and Biopharmaceutical Sciences,429.0,413.0,379
LC371,Creative Broadcast and Film Production,325.0,309.0,298
LC372,Music Technology and Production,377.0,325.0,321
LC374,Renewable and Electrical Energy Engineering,337.0,318.0,317
LC375,Industrial Automation and Robotic Systems,309.0,317.0,321
LC376,Electronic Engineering with Computer Systems,357.0,318.0,308
LC380,Automotive Engineering and Transport Management,298.0,303.0,282
LC392,Business Studies in Beauty and Spa Management,328.0,236.0,217
LC393,Early Childhood Education and Care,309.0,236.0,260
LC402,Social Care Work,228.0,225.0,209
LC408,Environmental Science and Climate,279.0,279.0,262
LC416,Business,260.0,274.0,
LC418,Computing - Games Design and Development,260.0,270.0,271
LC422,Applied Strength and Conditioning,289.0,298.0,288
LC502,Game Art and Design (portfolio),841.0,852.0,838
LC517,Creative Media and Design,279.0,234.0,229
LC518,Digital Animation Production (portfolio),807.0,808.0,816
LC612,Social Care Work,309.0,320.0,319
LM002,Arts,360.0,348.0,329
LM019,Social Sciences,451.0,,
LM020,Law and Accounting,474.0,465.0,436
LM026,Performing Arts (audition format TBC),329.0,303.0,307
LM028,Criminal Justice,420.0,418.0,387
LM029,Law Plus,530.0,490.0,473
LM038,Psychology and Sociology,530.0,500.0,478
LM039,Journalism and Digital Communication,432.0,402.0,388
LM040,European Studies,409.0,369.0,350
LM044,Applied Languages,429.0,442.0,404
LM050,Business Studies (options),451.0,431.0,419
LM056,International Business,555.0,528.0,511
LM058,Financial Mathematics,468.0,403.0,434
LM063,Technology Management,410.0,379.0,372
LM066,Environmental Science,430.0,,
LM068,Food Science and Health,464.0,421.0,400
LM076,Product Design and Technology (portfolio required),401.0,408.0,402
LM077,Aeronautical Engineering,567.0,520.0,469
LM082,Construction Management and Engineering,446.0,398.0,368
LM089,Sport and Exercise Sciences,498.0,474.0,441
LM090,Physical Education with concurrent Teacher Educati,552.0,532.0,498
LM091,Languages with concurrent Teacher Education,506.0,517.0,
LM092,Science with Teacher Ed (Biology with Physics/Chem,521.0,507.0,478
LM093,Equine Science,367.0,339.0,338
LM094,Materials and Architectural Technology with concur,475.0,440.0,405
LM095,Materials and Engineering Technology with concurre,425.0,367.0,358
LM096,Science with Teacher Ed (Physical Sciences with Ch,454.0,405.0,382
LM097,Mathematics and Computer Science with concurrent T,465.0,402.0,
LM099,Architecture,520.0,498.0,419
LM100,Physiotherapy,613.0,589.0,565
LM101,Medicine  - Graduate Entry (GAMSAT required),57.0,55.0,55
LM102,Psychology,534.0,509.0,495
LM103,Paramedic Studies (Full B/Provisional C1 Drivers L,429.0,392.0,313
LM105,Exercise and Health Fitness Management,441.0,,
LM115,Chemical and Biochemical Engineering,476.0,454.0,456
LM116,Engineering (Biomedical/Civil/Design and Manufactu,498.0,476.0,434
LM118,Electronic and Computer Engineering,445.0,403.0,401
LM121,Computer Science (Computer Systems/Games Dev/Cyber,402.0,351.0,352
LM122,Creative Media and Interaction Design (Digital Des,382.0,327.0,330
LM123,Biological and Chemical Sc. (Biosci/Envir Sci/Ind,498.0,441.0,412
LM124,Mathematics (Math Science/Maths and Physics/Econom,455.0,437.0,427
LM125,Physics (Applied Physics or Mathematics and Physic,489.0,404.0,405
LM150,General Nursing,498.0,475.0,440
LM152,Mental Health Nursing,478.0,419.0,388
LM154,Intellectual Disability Nursing,462.0,420.0,381
LM156,Midwifery,521.0,469.0,429
MU001,Theology and Arts,294.0,290.0,290
MU002,Theology,,440.0,292
MH001,Education - Primary Teaching (Froebel),564.0,507.0,496
MH002,Education - Primary Teaching - Gaeltacht Applicant,,,441
MH003,Early Childhood - Teaching and Learning (full-time,381.0,,
MH101,Arts,338.0,318.0,316
MH103,Music,,,
MH106,Psychology - 3 years,554.0,521.0,495
MH107,Social Science,390.0,346.0,326
MH109,Media Studies,324.0,316.0,317
MH116,Community and Youth Work (Full-Time),,,
MH201,Science,401.0,360.0,350
MH202,Biotechnology,490.0,455.0,429
MH203,Biological and Geographical Sciences,451.0,430.0,
MH204,Physics with Astrophysics,422.0,422.0,420
MH206,Theoretical Physics and Mathematics,521.0,510.0,498
MH207,Data Science,444.0,445.0,434
MH208,Biological and Biomedical Sciences,543.0,498.0,451
MH209,Psychology (through Science) - 4 years,529.0,498.0,473
MH210,Pharmaceutical and Biomedical Chemistry,510.0,487.0,446
MH212,Science|Maths and Computer Science|Mathematics (wi,452.0,422.0,444
MH304,Engineering (Computer/Electronic/Communications),351.0,333.0,371
MH305,Product Design,326.0,357.0,358
MH306,Robotics and Intelligent Devices,362.0,361.0,361
MH401,Finance (options),370.0,357.0,352
MH402,Quantitative Finance,476.0,476.0,476
MH403,Accounting and Finance,424.0,422.0,402
MH404,Business (options),441.0,430.0,400
MH407,Business and Accounting,423.0,420.0,401
MH411,Entrepreneurship,378.0,371.0,358
MH501,LLB Law - four year Single Major Law programme,507.0,473.0,451
MH502,Law (options),465.0,451.0,410
MH601,Computer Science through Arts (options),381.0,352.0,342
MH602,Computer Science through Science (options),400.0,351.0,357
MH603,Computational Thinking,520.0,532.0,520
MH801,Early Childhood - Teaching and Learning (part-time,,327.0,347
MH802,Community and Youth Work (part-time  in service),,,
MH803,Local Studies/Community Studies (part-time  evenin,,,
AS001,Education  Home Economics and Biology - with concu,542.0,510.0,456
AS002,Education  Home Economics and Religious Ed - with,464.0,441.0,400
AS003,Education  Home Economics and Irish - with concurr,463.0,440.0,421
AS051,Nutrition  Food and Business Management,378.0,328.0,337
AS054,Home Economics,440.0,408.0,387
AS110,General Nursing,440.0,419.0,391
AS130,Intellectual Disability Nursing,387.0,336.0,317
SG141,Business,262.0,261.0,252
SG145,Business and ICT,279.0,,
SG146,Accounting,304.0,309.0,307
SG147,Sport with Business,288.0,307.0,269
SG148,Tourism with Event Management,298.0,269.0,246
SG150,Business in Marketing,298.0,,
SG241,Performing Arts,341.0,328.0,279
SG242,Early Childhood Care and Education,287.0,279.0,278
SG243,Social Care Practice,309.0,301.0,297
SG244,Fine Art,501.0,505.0,355
SG245,Creative Design,332.0,282.0,261
SG246,Computing,316.0,290.0,295
SG247,English and Psychology,319.0,309.0,308
SG248,Sociology and Politics,298.0,281.0,282
SG249,Writing and Literature,308.0,297.0,279
SG252,Software Development,310.0,307.0,300
SG253,Computing in Computer Networks and Cyber Security,336.0,324.0,273
SG254,Writing and Literature Online,327.0,225.0,
SG255,Law and Business,291.0,,
SG341,General Engineering,373.0,,
SG342,Civil Engineering,418.0,415.0,
SG343,Quantity Surveying,300.0,311.0,261
SG344,Mechanical Engineering,412.0,,
SG346,Construction Project Management and Applied Techno,313.0,291.0,289
SG347,Architecture,403.0,360.0,309
SG348,Interior Architecture and Design,359.0,316.0,
SG349,Electronics and Self Driving Technologies,,,
SG350,Robotics and Automation,384.0,,
SG442,Occupational Safety and Health,307.0,290.0,289
SG443,Human Nutrition,376.0,356.0,357
SG444,Science Undenominated,358.0,338.0,308
SG445,Pharmaceutical Science with Drug Development,357.0,311.0,347
SG447,Health Science and Physical Activity,326.0,328.0,316
SG448,Forensic Investigation and Analysis,308.0,306.0,306
SG449,Medical Biotechnology,315.0,341.0,329
SG450,Environmental Science with Ecology (Level 8),310.0,300.0,
TL801,Animation  Visual Effects and Motion Design (Level,718.0,281.0,281
TL802,TV  Radio and New Media (Level 8),322.0,325.0,306
TL810,Computing with Software Development,308.0,310.0,309
TL811,Computing with Games Development,322.0,358.0,310
TL815,Computing (Degree Award options),307.0,308.0,308
TL823,Event Management (3 year programme),293.0,299.0,291
TL831,Business Studies (Major Specialism in: Acctng or M,306.0,306.0,307
TL842,Construction Management,,,
TL844,Agricultural Engineering,301.0,300.0,311
TL845,Civil Engineering,361.0,325.0,300
TL847,Manufacturing Engineering,305.0,302.0,
TL848,Agricultural Science,307.0,308.0,331
TL851,Wildlife Biology (Degree Award options),309.0,309.0,310
TL855,Pharmaceutical Science (Degree Award options),316.0,317.0,342
TL858,Veterinary Bioscience,317.0,308.0,326
TL871,Health and Leisure (Degree Award options),303.0,300.0,303
TL872,Health and Leisure with Massage,314.0,309.0,288
TL873,Coaching and Sports Performance,308.0,289.0,282
TL874,Inclusive Sport and Physical Activity,341.0,,
TL880,Early Childhood Care and Education,309.0,307.0,307
TL881,Social Care,301.0,308.0,308
TL889,Counselling with Addiction - Mature applicants onl,,,
TL890,General Nursing and Mature Applicants,463.0,440.0,407
TL891,Mental Health Nursing and Mature Applicants,440.0,389.0,367
WD001,Applied Computing (options),270.0,260.0,279
WD002,Science (options),279.0,308.0,302
WD005,Health Sciences (options),271.0,280.0,288
WD006,Exercise Sciences (options),270.0,280.0,282
WD007,Engineering (options),270.0,288.0,287
WD025,Construction Management and Engineering,262.0,269.0,269
WD027,Music,321.0,262.0,290
WD048,Business (options),279.0,271.0,278
WD084,Accounting,308.0,308.0,307
WD091,Hospitality Management,225.0,228.0,210
WD116,General Nursing,446.0,422.0,413
WD117,Psychiatric Nursing,415.0,366.0,361
WD120,Intellectual Disability Nursing,390.0,377.0,338
WD134,International Business,267.0,290.0,289
WD137,Design (Visual Communications),252.0,271.0,253
WD140,Laws,280.0,280.0,290
WD144,Architecture,309.0,284.0,283
WD147,Pharmaceutical Science,288.0,293.0,298
WD150,Criminal Justice Studies,280.0,270.0,271
WD152,Visual Art,243.0,,253
WD161,Computer Forensics and Security,270.0,255.0,262
WD162,Quantity Surveying,226.0,216.0,260
WD163,Psychology,456.0,434.0,390
WD186,Sports Coaching and Performance,261.0,270.0,276
WD187,Social Science,276.0,272.0,271
WD191,Agricultural Science,377.0,377.0,378
WD192,Social Care Practice,271.0,270.0,279
WD193,Marketing and Digital Media,279.0,271.0,290
WD194,Culinary Arts,237.0,217.0,235
WD195,Architectural and Building Information Modelling T,279.0,279.0,266
WD200,Arts (options),201.0,,221
WD210,Software Systems Development,260.0,279.0,271
WD211,Creative Computing,270.0,271.0,275
WD212,Recreation and Sport Management,262.0,270.0,274
WD230,Mechanical and Manufacturing Engineering,230.0,253.0,273
WD231,Early Childhood Care and Education,266.0,,
WD232,Business Information Systems,261.0,,
CR126,Popular Music: Drums at CIT Cork School of Music,,801.0,878
CR127,Popular Music: Electric Guitar at CIT Cork School of Music,,838.0,584
CR128,Popular Music: Keyboards at CIT Cork School of Music,,840.0,839
CR129,Popular Music: Voice at CIT Cork School of Music,,841.0,857
DB516,Financial Services,,,328
DC201,Common Entry into Science (Undenominated Entry),,498.0,454
DC239,Gaeilge Iriseoireacht agus na Meáin Dhigiteacha,,430.0,
DK860,Music (audition),,532.0,499
DL821,English Media and Cultural Studies,,212.0,211
DL828,3D Design Modelmaking and Digital Art,,506.0,691
DL829,Design for Stage and Screen (Costume Design),,593.0,817
DL830,Design for Stage and Screen (Character Makeup Design),,939.0,879
DL831,Design for Stage and Screen (Production Design),,781.0,893
DL834,Film and Television Production,,990.0,933
DN252,Dairy Business,,410.0,398
DN253,Agri - Environmental Sciences,,418.0,403
DN271,Forestry,,311.0,303
DN272,Horticulture Landscape and Sportsturf Management,,297.0,252
GC250,Communications and Media Production,,,
GC305,International Hospitality Management,,253.0,327
GY107,Na Dána (Gaeilge agus Léann an Aistriúcháin),,409.0,330
GY112,Arts with Film Studies,,321.0,338
GY120,Arts (Child Youth and Family: Policy and Practice),,350.0,309
GY121,Arts (Children`s Studies),,356.0,356
GY124,Arts (Arts with Data Science),,454.0,434
GY126,Arts (English and Media Studies),,391.0,418
GY131,Arts (History and Globalisation Studies),,360.0,340
LC401,Early Childhood Education and Care,,297.0,298
LC414,Data Analytics and Cyber Security,,236.0,
LC434,Environmental Science and Agriculture,,297.0,278
LC613,Early Childhood Education and Care,,242.0,346
MH405,Equine Business,,357.0,357
SG142,Business in International Marketing and Languages (French),,279.0,270
SG144,Business in International Marketing and Languages (Spanish),,270.0,280
SG250,Application Design and User Experience,,412.0,290
SG251,Computing (Smart Technologies),,327.0,303
TR012,History and Political Science,,555.0,532
TR017,Law and Business,,602.0,576
TR020,Law and Political Science,,602.0,567
TR029,Political Science and Geography,,526.0,477
TR082,Computer Science and Business,,555.0,510
TR083,Sociology and Social Policy,,498.0,451
TR111,Ancient History and Archaeology/Geography,,352.0,
TR112,Ancient History and Archaeology/History,,529.0,
TR113,Ancient History and Archaeology/History of Art and Architecture,,337.0,
TR114,Ancient History and Archaeology/Modern Language,,337.0,
TR117,Ancient History and Archaeology/Religion,,342.0,
TR166,Classical Civilisation/English Literature,,498.0,
TR173,Classical Civilisation/History of Art and Architecture,,335.0,
TR177,Classical Civilisation/Modern Language,,335.0,
TR179,Classical Civilisation/Philosophy,,499.0,
TR198,Economics/Geography,,534.0,
TR202,Economics/History,,534.0,
TR207,Economics/Mathematics,,566.0,
TR208,Economics/Modern Language,,534.0,
TR209,Economics/Philosophy,,534.0,
TR212,Economics/Sociology,,534.0,
TR228,Classical Languages/English Literature,,498.0,
TR231,Classical Languages/History of Art and Architecture,,349.0,
TR233,Classical Languages/Middle EasternJewish and Islamic Civilisations,,349.0,
TR239,Classical Languages/Modern Language,,349.0,
TR262,English Literature/History,,529.0,
TR263,English Literature/History of Art and Architecture,,498.0,
TR269,English Literature/Philosophy,,499.0,
TR272,English Literature/Sociology,,498.0,
TR276,English Literature/Drama Studies,,498.0,
TR277,English Literature/Modern Language,,498.0,
TR311,Film/Drama Studies,,521.0,
TR312,Film/English Literature,,521.0,
TR320,Film/Music,,521.0,
TR322,Geography/History,,529.0,
TR323,Drama Studies/Modern Language,,473.0,
TR324,Film/Modern Language,,521.0,
TR325,Film/History,,529.0,
TR326,Geography/Modern Language,,352.0,
TR332,Geography/Sociology,,498.0,
TR443,History/History of Art and Architecture,,529.0,
TR447,History/Modern Language,,529.0,
TR449,History/Philosophy,,529.0,
TR452,History/Sociology,,529.0,
TR454,History/Religion,,529.0,
TR455,History of Art and Architecture/Modern Language,,334.0,
TR479,History of Art and Architecture/Philosophy,,499.0,
TR547,Middle EasternJewish and Islamic Civ./Ancient History and Archaeology,,337.0,
TR548,Middle EasternJewish and Islamic Civilisations/Classical Civilisation,,335.0,
TR554,Middle EasternJewish and Islamic Civilisations/History,,529.0,
TR563,Middle EasternJewish and Islamic Civilisations/Modern Language,,335.0,
TR564,Middle EasternJewish and Islamic Civilisations/Music,,,
TR565,Middle EasternJewish and Islamic Civilisations/Religion,,342.0,
TR597,Mathematics/Modern Language,,566.0,
TR598,Mathematics/Music,,566.0,
TR599,Mathematics/Philosophy,,566.0,
TR629,Music/Philosophy,,499.0,
TR635,Music/Drama Studies,,473.0,
TR636,Music/Modern Language,,388.0,
TR638,Music/Religion,,388.0,
TR639,Philosophy/Modern Language,,499.0,
TR662,Philosophy/Sociology,,499.0,
TR663,Religion/Classical Civilisation,,342.0,
TR664,Religion/English Literature,,498.0,
TR665,Religion/History of Art and Architecture,,342.0,
TR666,Religion/Modern Language,,,
TR667,French/Modern Language,,403.0,
TR668,German/Modern Language,,389.0,
TR669,Irish/Modern Language,,368.0,
TR670,Italian/Modern Language,,381.0,
TR671,Russian/Modern Language,,332.0,
TR672,Spanish/Modern Language,,336.0,
TR755,Sociology/Drama Studies,,498.0,
TR756,Sociology/Modern Language,,498.0,
TU803,Electronic Engineering,,243.0,
TU806,Sustainable Energy Engineering,,262.0,
TU808,Engineering Software,,260.0,
TU809,Mechanical Engineering,,235.0,
TU813,Automation Engineering,,218.0,
TU873,Industrial Mathematics,,250.0,
TU901,Business,,270.0,
TU908,Management,,262.0,
TU909,Accounting and Finance,,285.0,
TU911,Accounting and Finance,,209.0,
TU913,Business and Information Technology,,252.0,
TU915,International Business,,252.0,
TU916,International Business,,235.0,
TU923,Marketing Management,,228.0,
TU966,Languages and English Studies,,366.0,
TU971,Contemporary Visual Culture,,290.0,
TU972,Creative and Cultural Industries,,281.0,
TU986,Print Media Technology and Management,,289.0,
TU993,Early Childhood Care and Education,,270.0,
TU994,Early Childhood Care and Education,,321.0,
WD149,Early Childhood Studies,,271.0,288
AL853,Accouning nd Lw,,,305
CW178,Spor Science (opions),,,399
CK116,Spors Sudies nd Physicl Educion,,,499
CK502,Food Mrkeing nd Enrepreneurship,,,433
CK506,Inernionl Developen nd Food Policy,,,367
DC005,Educion - Priry Teching - Irish Sign Lnguge,,,316
DC167,Physics wih Asronoy,,,434
DC171,Applied Physics,,,402
DC173,Physics wih Bioedicl Sciences,,,402
DT001,Produc Design,,,433
DT028,Trnspor Operions nd Technology,,,279
DT035,Elecricl Services nd Energy Mngeen,,,293
DT066,Engineering (Generl Enry),,,400
DT101,Archiecure (es nd inerview),,,618
DT106,Plnning nd Environenl Mngeen,,,312
DT110,Propery Econoics (Vluion Surveying),,,367
DT111,Quniy Surveying nd Consrucion Econoics,,,391
DT112,Geogrphic Science,,,287
DT117,Consrucion Mngeen,,,356
DT175,Archiecurl Technology,,,388
DT201,Science (Generl Enry),,,464
DT203,Anlyicl Cheisry (Environenl Forensic nd Phrceuicl),,,341
DT204,Bioedicl Science,,,501
DT205,Mheicl Sciences,,,315
DT206,Bioedicl nd Moleculr Dignosics,,,473
DT211,Copuer Science (Infrsrucure),,,381
DT220,Indusril Mheics,,,300
DT221,Physics wih Energy nd Environen,,,348
DT222,Physics Technology,,,321
DT223,Hun Nuriion nd Dieeics,,,553
DT224,Opoery,,,487
DT225,Public Helh Nuriion,,,440
DT227,Science wih Nnoechnology,,,312
DT228,Copuer Science,,,451
DT229,Clinicl Mesureen Science,,,491
DT235,Physics wih Medicl Physics nd Bioengineering,,,357
DT282,Copuer Science (Inernionl),,,377
DT299,Cheicl Sciences wih Medicinl Cheisry,,,420
DT302,Business Anlyics,,,325
DT304,E-Coerce in Reiling,,,341
DT321,Business nd Lw,,,462
DT341,Mrkeing,,,400
DT343,Reil nd Services Mngeen,,,301
DT354,Business Copuing,,,322
DT358,Logisics nd Supply Chin Mngeen,,,300
DT365,Business nd Mngeen,,,440
DT366,Accouning nd Finnce,,,432
DT398,Hun Resource Mngeen,,,375
DT399,Econoics nd Finnce,,,437
DT401,Inernionl Hospiliy Mngeen,,,300
DT405,Culinry Science,,,308
DT407,Culinry Ars,,,271
DT412,Touris Mrkeing,,,284
DT413,Even Mngeen,,,356
DT416,Culinry Enrepreneurship,,,275
DT420,Nurceuicls in Helh nd Nuriion,,,392
DT421,Food Innovion,,,321
DT422,Phrceuicl Helhcre,,,397
DT491,Environenl Helh,,,343
DT501,Music,,,383
DT504,Fil nd Brodcsing,,,443
DT506,Coercil Modern Music,,,468
DT508,Ge Design,,,403
DT517,Lnguges nd English Sudies,,,326
DT518,Lnguges nd Inernionl Touris,,,307
DT529,Dr (Perfornce),,,371
DT532,Lw (LL.B.),,,422
DT533,Coneporry Visul Culure,,,
DT544,Inerior Design,,,552
DT545,Design - Visul Counicion,,,667
DT546,Fine Ar,,,668
DT555,Inernionl Business nd Lnguges,,,353
DT559,Phoogrphy,,,700
DT571,Socil Cre,,,394
DT572,Erly Childhood Educion,,,385
DT582,Journlis,,,347
DT596,Prin Medi Technology nd Mngeen,,,252
DT597,Creive nd Culurl Indusries,,,280
DL835,Creive Medi Technologies,,,237
GC405,Inernionl Hospiliy Mngeen (Dublin),,,254
ID003,Business Sudies wih Chinese,,,
BN101,Business,,,252
BN103,Business nd Inforion Technology,,,254
BN104,Copuing (Inforion Technology),,,260
BN107,Applied Socil Sudies in Socil Cre,,,300
BN108,Engineering (Coon Enry wih Awrd opions),,,271
BN109,Business (Coon Enry wih Awrd opions),,,260
BN110,Inernionl Business,,,253
BN111,Spors Mngeen nd Coching,,,270
BN112,Creive Digil Medi,,,280
BN113,Horiculure,,,289
BN114,Accouning nd Finnce,,,280
BN115,Couniy nd Youh Developen,,,250
BN117,Copuer Engineering in Mobile Syses,,,273
BN118,Erly Childhood Cre nd Educion,,,290
BN119,Digil Mrkeing,,,270
BN120,Digil Forensics nd Cyber Securiy,,,281
BN121,Mechronic Engineering,,,276
BN123,DesignTechnology nd Innovion,,,297
TA022,Creive Digil Medi,,,260
TA023,Adverising nd Mrkeing Counicions,,,235
TA024,Erly Childhood Cre nd Educion,,,217
TA025,Socil Cre Prcice,,,261
TA026,Inernionl Hospiliy nd Touris Mngeen,,,208
TA027,Bonicl Cuisine,,,236
TA028,Digil Mrkeing Technologies,,,220
TA121,Accouning nd Finnce,,,202
TA122,Mngeen,,,218
TA123,Mrkeing Mngeen,,,207
TA125,Inernionl Business,,,229
TA221,Elecronic Engineering,,,251
TA222,Mechnicl Engineering,,,243
TA223,Susinble Energy Engineering,,,236
TA224,Bioedicl Design,,,218
TA225,Auoion Engineering,,,235
TA226,Engineering Sofwre,,,243
TA321,Phrceuicl Science,,,261
TA322,Copuing,,,200
TA323,Copuing wih IT Mngeen,,,243
TA326,DNA nd Forensic Anlysis,,,300
TA327,Spors Science nd Helh,,,341
TA328,Copuing wih Lnguge (French/Gern/Spnish),,,218
TA329,Copuing wih D Anlyics,,,218
NC025,D Science,,,297
GA385,Reil Mngeen,,,219
LY218,Business - wih Spnish/Irish opions,,,298
CI101,Counselling nd Psychoherpy (Lierick),,,276
LC411,Mrkeing nd Mngeen (Thurles),,,226
SG149,Business in Finnce nd Invesen,,,262
SG441,Environenl Science,,,297
SG446,Applied Archeology,,,289
TL803,Music Technology,,,264
TL812,Copuing wih Digil Medi,,,369
WD148,Touris Mrkeing,,,269
